Date,Time,Username,IP Address
Jan 29,00:00:28,C,24.64.208.134
Jan 29,00:00:28,C,24.64.208.134
Jan 29,00:00:28,C,24.64.208.134
Jan 29,00:01:54,C,207.68.178.56
Jan 29,00:02:24,C,123.112.87.126
Jan 29,00:02:42,0,192.168.17.24
Jan 29,00:02:42,0,192.168.17.24
Jan 29,00:02:42,0,192.168.17.24
Jan 29,00:02:42,0,192.168.17.24
Jan 29,00:04:42,C,72.197.8.56
Jan 29,00:04:42,C,71.228.199.109
Jan 29,00:04:42,C,99.248.20.48
Jan 29,00:04:42,C,75.117.31.43
Jan 29,00:04:42,C,58.160.93.74
Jan 29,00:05:20,C,85.54.146.31
Jan 29,00:06:00,0,192.168.17.24
Jan 29,00:06:00,0,192.168.17.24
Jan 29,00:06:00,0,192.168.17.24
Jan 29,00:06:00,0,192.168.17.24
Jan 29,00:07:21,C,58.147.54.65
Jan 29,00:07:56,C,24.64.234.162
Jan 29,00:07:56,C,24.64.234.162
Jan 29,00:07:56,C,24.64.234.162
Jan 29,00:07:59,C,142.162.239.193
Jan 29,00:08:00,C,190.40.97.52
Jan 29,00:09:00,0,192.168.17.24
Jan 29,00:09:00,0,192.168.17.24
Jan 29,00:09:00,0,192.168.17.24
Jan 29,00:09:00,0,192.168.17.24
Jan 29,00:09:30,C,207.24.89.66
Jan 29,00:11:18,0,192.168.17.11
Jan 29,00:11:54,0,192.168.17.24
Jan 29,00:11:54,0,192.168.17.24
Jan 29,00:11:54,0,192.168.17.24
Jan 29,00:11:54,0,192.168.17.24
Jan 29,00:14:56,0,192.168.17.24
Jan 29,00:14:56,0,192.168.17.24
Jan 29,00:14:56,0,192.168.17.24
Jan 29,00:14:56,0,192.168.17.24
Jan 29,00:15:05,C,69.115.209.62
Jan 29,00:15:05,C,71.228.199.109
Jan 29,00:15:05,C,63.227.65.151
Jan 29,00:15:06,C,76.87.248.152
Jan 29,00:15:06,C,201.26.136.92
Jan 29,00:15:25,C,70.189.221.153
Jan 29,00:15:50,C,59.100.237.219
Jan 29,00:16:10,C,24.64.136.199
Jan 29,00:17:14,0,192.168.17.113
Jan 29,00:17:16,0,192.168.17.113
Jan 29,00:17:20,0,192.168.17.113
Jan 29,00:17:29,0,192.168.17.113
Jan 29,00:17:46,0,192.168.17.113
Jan 29,00:18:14,0,192.168.17.24
Jan 29,00:18:14,0,192.168.17.24
Jan 29,00:18:14,0,192.168.17.24
Jan 29,00:18:14,0,192.168.17.24
Jan 29,00:18:19,0,192.168.17.113
Jan 29,00:19:02,C,151.9.246.29
Jan 29,00:21:14,0,192.168.17.24
Jan 29,00:21:14,0,192.168.17.24
Jan 29,00:21:14,0,192.168.17.24
Jan 29,00:21:14,0,192.168.17.24
Jan 29,00:22:01,C,216.51.106.52
Jan 29,00:24:02,C,66.214.36.72
Jan 29,00:24:11,0,192.168.17.24
Jan 29,00:24:11,0,192.168.17.24
Jan 29,00:24:11,0,192.168.17.24
Jan 29,00:24:11,0,192.168.17.24
Jan 29,00:24:13,C,207.68.178.56
Jan 29,00:27:12,0,192.168.17.24
Jan 29,00:27:12,0,192.168.17.24
Jan 29,00:27:12,0,192.168.17.24
Jan 29,00:27:12,0,192.168.17.24
Jan 29,00:28:06,C,216.51.106.52
Jan 29,00:28:26,0,192.168.17.11
Jan 29,00:28:28,C,209.131.38.249
Jan 29,00:30:22,0,192.168.17.24
Jan 29,00:30:22,0,192.168.17.24
Jan 29,00:30:22,0,192.168.17.24
Jan 29,00:30:22,0,192.168.17.24
Jan 29,00:31:16,C,122.162.36.15
Jan 29,00:33:27,0,192.168.17.24
Jan 29,00:33:27,0,192.168.17.24
Jan 29,00:33:27,0,192.168.17.24
Jan 29,00:33:27,0,192.168.17.24
Jan 29,00:33:29,C,216.211.188.107
Jan 29,00:33:32,C,216.211.188.107
Jan 29,00:34:42,C,24.174.141.170
Jan 29,00:34:42,C,99.251.241.22
Jan 29,00:34:42,C,75.27.233.174
Jan 29,00:34:43,C,91.139.26.208
Jan 29,00:34:43,C,72.129.201.114
Jan 29,00:36:24,0,192.168.17.24
Jan 29,00:36:24,0,192.168.17.24
Jan 29,00:36:24,0,192.168.17.24
Jan 29,00:36:24,0,192.168.17.24
Jan 29,00:36:52,C,79.186.174.12
Jan 29,00:37:18,C,71.170.80.136
Jan 29,00:37:35,C,106.108.177.47
Jan 29,00:39:24,0,192.168.17.24
Jan 29,00:39:24,0,192.168.17.24
Jan 29,00:39:24,0,192.168.17.24
Jan 29,00:39:24,0,192.168.17.24
Jan 29,00:40:16,C,66.11.164.174
Jan 29,00:40:44,C,24.64.216.116
Jan 29,00:40:44,C,24.64.216.116
Jan 29,00:40:44,C,24.64.216.116
Jan 29,00:41:11,C,196.206.134.152
Jan 29,00:42:36,0,192.168.17.24
Jan 29,00:42:36,0,192.168.17.24
Jan 29,00:42:36,0,192.168.17.24
Jan 29,00:42:36,0,192.168.17.24
Jan 29,00:43:48,C,121.14.136.101
Jan 29,00:45:04,C,71.228.199.109
Jan 29,00:45:05,C,69.139.205.220
Jan 29,00:45:05,C,66.24.36.155
Jan 29,00:45:05,C,210.213.141.86
Jan 29,00:45:07,C,66.24.36.155
Jan 29,00:45:30,C,205.250.109.214
Jan 29,00:45:30,0,192.168.17.11
Jan 29,00:45:41,0,192.168.17.24
Jan 29,00:45:41,0,192.168.17.24
Jan 29,00:45:41,0,192.168.17.24
Jan 29,00:45:41,0,192.168.17.24
Jan 29,00:45:47,C,162.86.171.88
Jan 29,00:46:05,C,24.64.125.106
Jan 29,00:46:44,C,219.139.115.162
Jan 29,00:48:41,0,192.168.17.24
Jan 29,00:48:41,0,192.168.17.24
Jan 29,00:48:41,0,192.168.17.24
Jan 29,00:48:41,0,192.168.17.24
Jan 29,00:49:03,C,200.8.71.247
Jan 29,00:51:17,C,24.64.232.7
Jan 29,00:51:17,C,24.64.232.7
Jan 29,00:51:17,C,24.64.232.7
Jan 29,00:51:31,C,59.95.27.206
Jan 29,00:51:41,0,192.168.17.24
Jan 29,00:51:41,0,192.168.17.24
Jan 29,00:51:41,0,192.168.17.24
Jan 29,00:51:41,0,192.168.17.24
Jan 29,00:52:15,C,24.64.240.226
Jan 29,00:52:15,C,24.64.240.226
Jan 29,00:52:15,C,24.64.240.226
Jan 29,00:54:02,C,60.87.149.61
Jan 29,00:54:49,0,192.168.17.24
Jan 29,00:54:49,0,192.168.17.24
Jan 29,00:54:49,0,192.168.17.24
Jan 29,00:54:49,0,192.168.17.24
Jan 29,00:55:18,C,24.64.31.188
Jan 29,00:55:18,C,24.64.31.188
Jan 29,00:55:18,C,24.64.31.188
Jan 29,00:55:24,C,163.140.169.38
Jan 29,00:57:15,C,209.226.175.184
Jan 29,00:57:44,0,192.168.17.24
Jan 29,00:57:44,0,192.168.17.24
Jan 29,00:57:44,0,192.168.17.24
Jan 29,00:57:44,0,192.168.17.24
Jan 29,00:57:53,C,113.22.125.157
Jan 29,00:59:43,C,222.162.78.66
Jan 29,01:00:18,C,80.254.112.200
Jan 29,01:00:50,0,192.168.17.24
Jan 29,01:00:50,0,192.168.17.24
Jan 29,01:00:50,0,192.168.17.24
Jan 29,01:00:50,0,192.168.17.24
Jan 29,01:02:38,0,192.168.17.11
Jan 29,01:03:09,C,122.164.76.172
Jan 29,01:03:12,C,83.239.155.146
Jan 29,01:03:49,0,192.168.17.24
Jan 29,01:03:49,0,192.168.17.24
Jan 29,01:03:49,0,192.168.17.24
Jan 29,01:03:49,0,192.168.17.24
Jan 29,01:04:42,C,72.129.201.114
Jan 29,01:04:42,C,68.43.45.155
Jan 29,01:04:42,C,68.46.224.58
Jan 29,01:04:43,C,71.194.107.51
Jan 29,01:04:43,C,67.8.58.212
Jan 29,01:06:59,0,192.168.17.24
Jan 29,01:06:59,0,192.168.17.24
Jan 29,01:06:59,0,192.168.17.24
Jan 29,01:06:59,0,192.168.17.24
Jan 29,01:07:08,C,63.167.69.69
Jan 29,01:09:58,0,192.168.17.24
Jan 29,01:09:58,0,192.168.17.24
Jan 29,01:09:58,0,192.168.17.24
Jan 29,01:09:58,0,192.168.17.24
Jan 29,01:10:47,C,24.149.194.222
Jan 29,01:12:08,C,77.234.15.211
Jan 29,01:13:04,0,192.168.17.24
Jan 29,01:13:04,0,192.168.17.24
Jan 29,01:13:04,0,192.168.17.24
Jan 29,01:13:04,0,192.168.17.24
Jan 29,01:15:02,C,72.230.93.214
Jan 29,01:15:04,C,67.173.3.23
Jan 29,01:15:05,C,75.171.122.220
Jan 29,01:15:05,C,68.81.84.44
Jan 29,01:15:07,C,67.173.3.23
Jan 29,01:15:23,C,75.132.195.128
Jan 29,01:16:04,0,192.168.17.24
Jan 29,01:16:04,0,192.168.17.24
Jan 29,01:16:04,0,192.168.17.24
Jan 29,01:16:04,0,192.168.17.24
Jan 29,01:17:17,0,192.168.17.113
Jan 29,01:17:20,0,192.168.17.113
Jan 29,01:17:25,0,192.168.17.113
Jan 29,01:17:34,0,192.168.17.113
Jan 29,01:17:55,0,192.168.17.113
Jan 29,01:18:10,C,24.64.35.180
Jan 29,01:18:10,C,24.64.35.180
Jan 29,01:18:10,C,24.64.35.180
Jan 29,01:18:14,C,122.162.219.240
Jan 29,01:18:35,0,192.168.17.113
Jan 29,01:19:13,0,192.168.17.24
Jan 29,01:19:13,0,192.168.17.24
Jan 29,01:19:13,0,192.168.17.24
Jan 29,01:19:13,0,192.168.17.24
Jan 29,01:19:23,C,24.64.103.146
Jan 29,01:19:23,C,24.64.103.146
Jan 29,01:19:23,C,24.64.103.146
Jan 29,01:19:29,C,137.1.220.101
Jan 29,01:19:45,0,192.168.17.11
Jan 29,01:22:11,0,192.168.17.24
Jan 29,01:22:11,0,192.168.17.24
Jan 29,01:22:11,0,192.168.17.24
Jan 29,01:22:11,0,192.168.17.24
Jan 29,01:23:00,C,207.68.178.56
Jan 29,01:25:18,0,192.168.17.24
Jan 29,01:25:18,0,192.168.17.24
Jan 29,01:25:18,0,192.168.17.24
Jan 29,01:25:18,0,192.168.17.24
Jan 29,01:27:24,C,200.35.177.17
Jan 29,01:27:24,C,200.119.135.100
Jan 29,01:28:14,0,192.168.17.24
Jan 29,01:28:14,0,192.168.17.24
Jan 29,01:28:14,0,192.168.17.24
Jan 29,01:28:14,0,192.168.17.24
Jan 29,01:28:22,C,129.134.110.94
Jan 29,01:31:14,0,192.168.17.24
Jan 29,01:31:14,0,192.168.17.24
Jan 29,01:31:14,0,192.168.17.24
Jan 29,01:31:14,0,192.168.17.24
Jan 29,01:31:46,C,89.175.152.185
Jan 29,01:34:18,C,122.167.238.130
Jan 29,01:34:21,0,192.168.17.24
Jan 29,01:34:21,0,192.168.17.24
Jan 29,01:34:21,0,192.168.17.24
Jan 29,01:34:21,0,192.168.17.24
Jan 29,01:34:42,C,68.206.75.25
Jan 29,01:34:42,C,75.171.122.220
Jan 29,01:34:42,C,72.129.201.114
Jan 29,01:34:43,C,24.166.109.127
Jan 29,01:34:43,C,76.250.142.171
Jan 29,01:36:25,C,121.135.240.208
Jan 29,01:36:52,0,192.168.17.11
Jan 29,01:37:31,0,192.168.17.24
Jan 29,01:37:31,0,192.168.17.24
Jan 29,01:37:31,0,192.168.17.24
Jan 29,01:37:31,0,192.168.17.24
Jan 29,01:38:36,C,78.148.104.253
Jan 29,01:40:26,0,192.168.17.24
Jan 29,01:40:26,0,192.168.17.24
Jan 29,01:40:26,0,192.168.17.24
Jan 29,01:40:26,0,192.168.17.24
Jan 29,01:43:14,C,71.104.50.6
Jan 29,01:43:22,C,194.90.6.44
Jan 29,01:43:27,0,192.168.17.24
Jan 29,01:43:27,0,192.168.17.24
Jan 29,01:43:27,0,192.168.17.24
Jan 29,01:43:27,0,192.168.17.24
Jan 29,01:43:31,C,194.90.6.44
Jan 29,01:43:46,C,60.21.103.252
Jan 29,01:43:49,C,194.90.6.44
Jan 29,01:44:25,C,194.90.6.44
Jan 29,01:45:05,C,69.115.209.62
Jan 29,01:45:05,C,99.251.241.22
Jan 29,01:45:05,C,72.129.201.114
Jan 29,01:45:07,C,72.129.201.114
Jan 29,01:45:08,C,69.115.209.62
Jan 29,01:45:25,C,194.90.6.44
Jan 29,01:46:25,C,194.90.6.44
Jan 29,01:46:36,0,192.168.17.24
Jan 29,01:46:36,0,192.168.17.24
Jan 29,01:46:36,0,192.168.17.24
Jan 29,01:46:36,0,192.168.17.24
Jan 29,01:47:25,C,194.90.6.44
Jan 29,01:48:13,C,221.208.208.90
Jan 29,01:48:13,C,221.208.208.90
Jan 29,01:48:14,C,221.208.208.90
Jan 29,01:48:19,C,109.140.157.77
Jan 29,01:48:25,C,194.90.6.44
Jan 29,01:49:25,C,194.90.6.44
Jan 29,01:49:34,0,192.168.17.24
Jan 29,01:49:34,0,192.168.17.24
Jan 29,01:49:34,0,192.168.17.24
Jan 29,01:49:34,0,192.168.17.24
Jan 29,01:50:01,C,82.35.230.228
Jan 29,01:50:01,C,82.35.230.228
Jan 29,01:50:01,C,82.35.230.228
Jan 29,01:50:01,C,82.35.230.228
Jan 29,01:50:06,C,77.91.200.130
Jan 29,01:50:25,C,194.90.6.44
Jan 29,01:51:54,C,65.26.47.241
Jan 29,01:52:40,0,192.168.17.24
Jan 29,01:52:40,0,192.168.17.24
Jan 29,01:52:40,0,192.168.17.24
Jan 29,01:52:40,0,192.168.17.24
Jan 29,01:53:26,C,124.121.192.16
Jan 29,01:53:56,0,192.168.17.11
Jan 29,01:55:35,0,192.168.17.24
Jan 29,01:55:35,0,192.168.17.24
Jan 29,01:55:35,0,192.168.17.24
Jan 29,01:55:35,0,192.168.17.24
Jan 29,01:58:36,0,192.168.17.24
Jan 29,01:58:36,0,192.168.17.24
Jan 29,01:58:36,0,192.168.17.24
Jan 29,01:58:36,0,192.168.17.24
Jan 29,01:59:40,C,78.148.58.129
Jan 29,01:59:59,C,201.231.47.57
Jan 29,02:00:20,C,24.64.65.201
Jan 29,02:00:20,C,24.64.65.201
Jan 29,02:00:20,C,24.64.65.201
Jan 29,02:01:14,C,190.189.106.45
Jan 29,02:01:54,0,192.168.17.24
Jan 29,02:01:54,0,192.168.17.24
Jan 29,02:01:54,0,192.168.17.24
Jan 29,02:01:54,0,192.168.17.24
Jan 29,02:04:42,C,71.194.107.51
Jan 29,02:04:42,C,74.12.248.246
Jan 29,02:04:42,C,98.207.166.40
Jan 29,02:04:42,C,70.189.221.153
Jan 29,02:04:42,C,68.206.75.25
Jan 29,02:04:54,0,192.168.17.24
Jan 29,02:04:54,0,192.168.17.24
Jan 29,02:04:54,0,192.168.17.24
Jan 29,02:04:54,0,192.168.17.24
Jan 29,02:07:11,C,86.101.52.114
Jan 29,02:07:53,0,192.168.17.24
Jan 29,02:07:53,0,192.168.17.24
Jan 29,02:07:53,0,192.168.17.24
Jan 29,02:07:53,0,192.168.17.24
Jan 29,02:11:03,0,192.168.17.11
Jan 29,02:11:03,0,192.168.17.24
Jan 29,02:11:03,0,192.168.17.24
Jan 29,02:11:03,0,192.168.17.24
Jan 29,02:11:03,0,192.168.17.24
Jan 29,02:11:22,C,5.126.53.110
Jan 29,02:13:10,C,211.200.56.60
Jan 29,02:13:13,C,211.200.56.60
Jan 29,02:14:08,0,192.168.17.24
Jan 29,02:14:08,0,192.168.17.24
Jan 29,02:14:08,0,192.168.17.24
Jan 29,02:14:08,0,192.168.17.24
Jan 29,02:14:35,C,52.52.117.156
Jan 29,02:15:05,C,83.8.141.56
Jan 29,02:15:05,C,24.67.56.239
Jan 29,02:15:06,C,24.166.109.127
Jan 29,02:15:06,C,72.229.247.131
Jan 29,02:15:08,C,24.67.56.239
Jan 29,02:15:32,C,75.138.144.249
Jan 29,02:15:47,C,75.138.144.249
Jan 29,02:17:08,0,192.168.17.24
Jan 29,02:17:08,0,192.168.17.24
Jan 29,02:17:08,0,192.168.17.24
Jan 29,02:17:08,0,192.168.17.24
Jan 29,02:17:20,0,192.168.17.113
Jan 29,02:17:22,0,192.168.17.113
Jan 29,02:17:27,0,192.168.17.113
Jan 29,02:17:37,0,192.168.17.113
Jan 29,02:17:57,0,192.168.17.113
Jan 29,02:18:02,C,218.249.243.30
Jan 29,02:18:37,0,192.168.17.113
Jan 29,02:19:24,C,85.75.51.53
Jan 29,02:19:28,C,69.31.42.66
Jan 29,02:19:40,C,221.217.183.227
Jan 29,02:19:51,C,168.18.80.183
Jan 29,02:19:56,C,85.137.113.62
Jan 29,02:20:04,0,192.168.17.24
Jan 29,02:20:04,0,192.168.17.24
Jan 29,02:20:04,0,192.168.17.24
Jan 29,02:20:04,0,192.168.17.24
Jan 29,02:20:17,C,218.9.66.130
Jan 29,02:23:01,C,24.64.139.148
Jan 29,02:23:01,C,24.64.139.148
Jan 29,02:23:01,C,24.64.139.148
Jan 29,02:23:04,0,192.168.17.24
Jan 29,02:23:04,0,192.168.17.24
Jan 29,02:23:04,0,192.168.17.24
Jan 29,02:23:04,0,192.168.17.24
Jan 29,02:23:25,C,65.120.86.12
Jan 29,02:23:46,C,207.68.178.56
Jan 29,02:23:50,C,71.127.188.123
Jan 29,02:24:34,C,66.11.164.174
Jan 29,02:24:46,C,66.11.164.174
Jan 29,02:25:10,C,66.11.164.174
Jan 29,02:25:34,C,205.134.188.171
Jan 29,02:25:39,C,193.47.121.71
Jan 29,02:25:49,C,66.11.164.174
Jan 29,02:26:08,C,69.31.42.66
Jan 29,02:26:10,C,66.11.164.174
Jan 29,02:26:22,0,192.168.17.24
Jan 29,02:26:22,0,192.168.17.24
Jan 29,02:26:22,0,192.168.17.24
Jan 29,02:26:22,0,192.168.17.24
Jan 29,02:26:24,C,205.134.188.171
Jan 29,02:26:35,C,216.60.166.102
Jan 29,02:26:38,C,216.60.166.102
Jan 29,02:26:38,C,205.134.188.171
Jan 29,02:27:02,C,196.174.202.235
Jan 29,02:27:02,C,126.203.126.10
Jan 29,02:27:08,C,205.134.188.171
Jan 29,02:27:23,C,205.134.188.171
Jan 29,02:27:37,0,192.168.17.11
Jan 29,02:27:38,0,192.168.17.11
Jan 29,02:27:39,C,205.134.188.171
Jan 29,02:27:40,0,192.168.17.11
Jan 29,02:28:11,0,192.168.17.11
Jan 29,02:29:21,0,192.168.17.24
Jan 29,02:29:21,0,192.168.17.24
Jan 29,02:29:21,0,192.168.17.24
Jan 29,02:29:21,0,192.168.17.24
Jan 29,02:29:31,C,71.126.248.71
Jan 29,02:31:10,C,24.64.112.81
Jan 29,02:31:10,C,24.64.112.81
Jan 29,02:31:10,C,24.64.112.81
Jan 29,02:32:18,0,192.168.17.24
Jan 29,02:32:18,0,192.168.17.24
Jan 29,02:32:18,0,192.168.17.24
Jan 29,02:32:18,0,192.168.17.24
Jan 29,02:33:09,C,82.216.11.148
Jan 29,02:34:42,C,99.237.83.20
Jan 29,02:34:42,C,67.174.105.41
Jan 29,02:34:42,C,98.207.166.40
Jan 29,02:34:42,C,71.228.199.109
Jan 29,02:34:42,C,70.189.221.153
Jan 29,02:34:56,C,92.46.11.100
Jan 29,02:35:18,0,192.168.17.24
Jan 29,02:35:18,0,192.168.17.24
Jan 29,02:35:18,0,192.168.17.24
Jan 29,02:35:18,0,192.168.17.24
Jan 29,02:35:34,C,86.110.25.142
Jan 29,02:38:36,0,192.168.17.24
Jan 29,02:38:36,0,192.168.17.24
Jan 29,02:38:36,0,192.168.17.24
Jan 29,02:38:36,0,192.168.17.24
Jan 29,02:39:13,C,165.70.127.155
Jan 29,02:40:18,C,67.15.135.138
Jan 29,02:40:18,C,67.15.135.138
Jan 29,02:40:41,C,67.15.135.138
Jan 29,02:40:53,C,67.15.135.138
Jan 29,02:41:34,0,192.168.17.24
Jan 29,02:41:34,0,192.168.17.24
Jan 29,02:41:34,0,192.168.17.24
Jan 29,02:41:34,0,192.168.17.24
Jan 29,02:44:30,0,192.168.17.24
Jan 29,02:44:30,0,192.168.17.24
Jan 29,02:44:30,0,192.168.17.24
Jan 29,02:44:30,0,192.168.17.24
Jan 29,02:44:57,C,60.48.66.248
Jan 29,02:45:04,C,67.174.105.41
Jan 29,02:45:05,C,208.76.80.86
Jan 29,02:45:05,C,74.161.10.148
Jan 29,02:45:05,C,122.24.143.91
Jan 29,02:45:06,C,98.207.166.40
Jan 29,02:45:07,C,67.174.105.41
Jan 29,02:45:16,0,192.168.17.11
Jan 29,02:45:25,C,75.117.31.43
Jan 29,02:46:08,C,69.31.42.66
Jan 29,02:46:39,C,86.60.106.79
Jan 29,02:47:02,C,211.108.155.43
Jan 29,02:47:12,C,211.108.155.43
Jan 29,02:47:31,0,192.168.17.24
Jan 29,02:47:31,0,192.168.17.24
Jan 29,02:47:31,0,192.168.17.24
Jan 29,02:47:31,0,192.168.17.24
Jan 29,02:47:39,C,89.151.157.84
Jan 29,02:48:29,C,72.76.18.116
Jan 29,02:49:07,C,216.215.20.139
Jan 29,02:49:32,C,61.132.223.14
Jan 29,02:50:13,C,89.24.99.57
Jan 29,02:50:40,0,192.168.17.24
Jan 29,02:50:40,0,192.168.17.24
Jan 29,02:50:40,0,192.168.17.24
Jan 29,02:50:40,0,192.168.17.24
Jan 29,02:51:52,C,201.64.110.195
Jan 29,02:53:11,C,92.112.63.8
Jan 29,02:53:44,0,192.168.17.24
Jan 29,02:53:44,0,192.168.17.24
Jan 29,02:53:44,0,192.168.17.24
Jan 29,02:53:44,0,192.168.17.24
Jan 29,02:55:11,C,74.161.10.148
Jan 29,02:56:41,C,84.204.158.238
Jan 29,02:56:43,0,192.168.17.24
Jan 29,02:56:43,0,192.168.17.24
Jan 29,02:56:43,0,192.168.17.24
Jan 29,02:56:43,0,192.168.17.24
Jan 29,02:59:05,C,76.26.35.233
Jan 29,02:59:39,0,192.168.17.24
Jan 29,02:59:39,0,192.168.17.24
Jan 29,02:59:39,0,192.168.17.24
Jan 29,02:59:39,0,192.168.17.24
Jan 29,03:00:53,C,24.64.33.225
Jan 29,03:00:53,C,24.64.33.225
Jan 29,03:00:53,C,24.64.33.225
Jan 29,03:00:56,C,56.227.152.148
Jan 29,03:01:17,C,68.81.84.44
Jan 29,03:01:33,C,62.101.126.230
Jan 29,03:01:34,C,62.101.126.230
Jan 29,03:02:24,0,192.168.17.11
Jan 29,03:02:40,0,192.168.17.24
Jan 29,03:02:40,0,192.168.17.24
Jan 29,03:02:40,0,192.168.17.24
Jan 29,03:02:40,0,192.168.17.24
Jan 29,03:04:35,C,24.64.45.56
Jan 29,03:04:35,C,24.64.45.56
Jan 29,03:04:35,C,24.64.45.56
Jan 29,03:04:42,C,74.133.109.145
Jan 29,03:04:42,C,24.166.109.127
Jan 29,03:05:29,C,62.10.181.66
Jan 29,03:05:58,0,192.168.17.24
Jan 29,03:05:58,0,192.168.17.24
Jan 29,03:05:58,0,192.168.17.24
Jan 29,03:05:58,0,192.168.17.24
Jan 29,03:08:27,C,24.64.145.44
Jan 29,03:08:27,C,24.64.145.44
Jan 29,03:08:27,C,24.64.145.44
Jan 29,03:08:57,0,192.168.17.24
Jan 29,03:08:57,0,192.168.17.24
Jan 29,03:08:57,0,192.168.17.24
Jan 29,03:08:57,0,192.168.17.24
Jan 29,03:09:43,C,213.150.83.114
Jan 29,03:09:56,C,24.64.155.188
Jan 29,03:09:56,C,24.64.155.188
Jan 29,03:09:56,C,24.64.155.188
Jan 29,03:11:38,C,86.133.109.140
Jan 29,03:11:53,0,192.168.17.24
Jan 29,03:11:53,0,192.168.17.24
Jan 29,03:11:53,0,192.168.17.24
Jan 29,03:11:53,0,192.168.17.24
Jan 29,03:14:22,C,24.64.117.205
Jan 29,03:14:22,C,24.64.117.205
Jan 29,03:14:22,C,24.64.117.205
Jan 29,03:14:42,C,60.161.216.224
Jan 29,03:14:54,0,192.168.17.24
Jan 29,03:14:54,0,192.168.17.24
Jan 29,03:14:54,0,192.168.17.24
Jan 29,03:14:54,0,192.168.17.24
Jan 29,03:15:06,C,24.165.92.109
Jan 29,03:15:07,C,79.64.233.230
Jan 29,03:15:09,C,24.165.92.109
Jan 29,03:15:22,C,79.64.233.230
Jan 29,03:15:57,C,203.173.191.14
Jan 29,03:16:03,C,203.173.191.14
Jan 29,03:16:47,C,61.7.42.45
Jan 29,03:17:23,0,192.168.17.113
Jan 29,03:17:25,0,192.168.17.113
Jan 29,03:17:30,0,192.168.17.113
Jan 29,03:17:40,0,192.168.17.113
Jan 29,03:18:00,0,192.168.17.113
Jan 29,03:18:12,0,192.168.17.24
Jan 29,03:18:12,0,192.168.17.24
Jan 29,03:18:12,0,192.168.17.24
Jan 29,03:18:12,0,192.168.17.24
Jan 29,03:18:40,0,192.168.17.113
Jan 29,03:19:31,0,192.168.17.11
Jan 29,03:21:09,0,192.168.17.24
Jan 29,03:21:09,0,192.168.17.24
Jan 29,03:21:09,0,192.168.17.24
Jan 29,03:21:09,0,192.168.17.24
Jan 29,03:21:25,C,24.64.104.85
Jan 29,03:21:25,C,24.64.104.85
Jan 29,03:21:25,C,24.64.104.85
Jan 29,03:21:34,C,20.63.253.254
Jan 29,03:22:22,C,202.97.238.199
Jan 29,03:22:26,C,207.68.178.56
Jan 29,03:24:08,0,192.168.17.24
Jan 29,03:24:08,0,192.168.17.24
Jan 29,03:24:08,0,192.168.17.24
Jan 29,03:24:08,0,192.168.17.24
Jan 29,03:26:44,C,68.189.54.191
Jan 29,03:27:08,0,192.168.17.24
Jan 29,03:27:08,0,192.168.17.24
Jan 29,03:27:08,0,192.168.17.24
Jan 29,03:27:08,0,192.168.17.24
Jan 29,03:29:32,C,208.17.81.161
Jan 29,03:30:20,0,192.168.17.24
Jan 29,03:30:20,0,192.168.17.24
Jan 29,03:30:20,0,192.168.17.24
Jan 29,03:30:20,0,192.168.17.24
Jan 29,03:31:24,0,192.168.17.11
Jan 29,03:31:25,0,192.168.17.11
Jan 29,03:31:27,0,192.168.17.11
Jan 29,03:31:27,C,78.53.64.123
Jan 29,03:31:27,C,78.53.64.123
Jan 29,03:31:28,C,78.53.64.123
Jan 29,03:32:19,C,59.92.12.144
Jan 29,03:33:08,C,218.64.222.170
Jan 29,03:33:25,0,192.168.17.24
Jan 29,03:33:25,0,192.168.17.24
Jan 29,03:33:25,0,192.168.17.24
Jan 29,03:33:25,0,192.168.17.24
Jan 29,03:34:42,C,67.82.213.195
Jan 29,03:34:43,C,24.174.141.170
Jan 29,03:34:43,C,86.150.137.160
Jan 29,03:34:43,C,203.173.191.14
Jan 29,03:34:43,C,72.74.229.181
Jan 29,03:35:51,C,24.64.247.73
Jan 29,03:35:51,C,24.64.247.73
Jan 29,03:35:51,C,24.64.247.73
Jan 29,03:36:20,0,192.168.17.24
Jan 29,03:36:20,0,192.168.17.24
Jan 29,03:36:20,0,192.168.17.24
Jan 29,03:36:20,0,192.168.17.24
Jan 29,03:36:37,0,192.168.17.11
Jan 29,03:37:58,C,117.44.26.76
Jan 29,03:39:21,0,192.168.17.24
Jan 29,03:39:21,0,192.168.17.24
Jan 29,03:39:21,0,192.168.17.24
Jan 29,03:39:21,0,192.168.17.24
Jan 29,03:40:00,C,24.64.148.157
Jan 29,03:40:00,C,24.64.148.157
Jan 29,03:40:00,C,24.64.148.157
Jan 29,03:42:29,C,24.64.107.78
Jan 29,03:42:29,C,24.64.107.78
Jan 29,03:42:29,C,24.64.107.78
Jan 29,03:42:30,0,192.168.17.24
Jan 29,03:42:30,0,192.168.17.24
Jan 29,03:42:30,0,192.168.17.24
Jan 29,03:42:30,0,192.168.17.24
Jan 29,03:43:24,C,113.240.254.136
Jan 29,03:45:05,C,75.117.31.43
Jan 29,03:45:05,C,72.129.201.114
Jan 29,03:45:05,C,64.56.143.6
Jan 29,03:45:05,C,59.100.237.219
Jan 29,03:45:07,C,78.64.94.63
Jan 29,03:45:34,0,192.168.17.24
Jan 29,03:45:34,0,192.168.17.24
Jan 29,03:45:34,0,192.168.17.24
Jan 29,03:45:34,0,192.168.17.24
Jan 29,03:45:36,C,82.138.46.68
Jan 29,03:47:36,C,136.1.7.55
Jan 29,03:48:34,0,192.168.17.24
Jan 29,03:48:34,0,192.168.17.24
Jan 29,03:48:34,0,192.168.17.24
Jan 29,03:48:34,0,192.168.17.24
Jan 29,03:49:17,C,221.221.82.35
Jan 29,03:51:29,0,192.168.17.24
Jan 29,03:51:29,0,192.168.17.24
Jan 29,03:51:29,0,192.168.17.24
Jan 29,03:51:29,0,192.168.17.24
Jan 29,03:52:14,C,218.31.79.208
Jan 29,03:52:44,C,218.10.137.142
Jan 29,03:52:44,C,218.10.137.142
Jan 29,03:52:44,C,218.10.137.142
Jan 29,03:53:43,0,192.168.17.11
Jan 29,03:53:49,C,189.27.241.16
Jan 29,03:54:28,0,192.168.17.24
Jan 29,03:54:28,0,192.168.17.24
Jan 29,03:54:28,0,192.168.17.24
Jan 29,03:54:28,0,192.168.17.24
Jan 29,03:55:45,C,24.64.247.242
Jan 29,03:55:45,C,24.64.247.242
Jan 29,03:55:45,C,24.64.247.242
Jan 29,03:56:11,C,5.106.75.222
Jan 29,03:57:17,C,33.70.134.133
Jan 29,03:57:38,0,192.168.17.24
Jan 29,03:57:38,0,192.168.17.24
Jan 29,03:57:38,0,192.168.17.24
Jan 29,03:57:38,0,192.168.17.24
Jan 29,03:58:40,C,37.50.202.98
Jan 29,03:59:04,C,71.125.48.80
Jan 29,03:59:29,C,220.246.61.225
Jan 29,04:00:04,C,124.191.75.98
Jan 29,04:00:26,C,67.15.135.138
Jan 29,04:00:28,0,192.168.17.24
Jan 29,04:00:28,0,192.168.17.24
Jan 29,04:00:28,0,192.168.17.24
Jan 29,04:00:28,0,192.168.17.24
Jan 29,04:00:56,C,87.99.7.181
Jan 29,04:00:57,C,87.99.7.181
Jan 29,04:00:58,C,87.99.7.181
Jan 29,04:00:59,C,87.99.7.181
Jan 29,04:01:00,C,87.99.7.181
Jan 29,04:01:16,C,87.99.7.181
Jan 29,04:03:38,0,192.168.17.24
Jan 29,04:03:38,0,192.168.17.24
Jan 29,04:03:38,0,192.168.17.24
Jan 29,04:03:38,0,192.168.17.24
Jan 29,04:04:08,C,86.137.159.215
Jan 29,04:04:42,C,69.115.209.62
Jan 29,04:04:42,C,71.14.121.15
Jan 29,04:04:42,C,68.12.143.82
Jan 29,04:04:42,C,72.74.229.181
Jan 29,04:04:42,C,24.67.56.239
Jan 29,04:05:26,C,96.2.73.153
Jan 29,04:06:37,0,192.168.17.24
Jan 29,04:06:37,0,192.168.17.24
Jan 29,04:06:37,0,192.168.17.24
Jan 29,04:06:37,0,192.168.17.24
Jan 29,04:09:37,0,192.168.17.24
Jan 29,04:09:37,0,192.168.17.24
Jan 29,04:09:37,0,192.168.17.24
Jan 29,04:09:37,0,192.168.17.24
Jan 29,04:10:13,C,84.58.185.23
Jan 29,04:10:50,0,192.168.17.11
Jan 29,04:11:18,C,170.151.147.175
Jan 29,04:12:37,0,192.168.17.24
Jan 29,04:12:37,0,192.168.17.24
Jan 29,04:12:37,0,192.168.17.24
Jan 29,04:12:37,0,192.168.17.24
Jan 29,04:12:42,C,62.221.44.151
Jan 29,04:13:35,C,66.11.164.174
Jan 29,04:15:04,C,74.75.29.197
Jan 29,04:15:05,C,75.164.140.156
Jan 29,04:15:05,C,66.191.18.21
Jan 29,04:15:07,C,74.75.29.197
Jan 29,04:15:08,C,75.164.140.156
Jan 29,04:15:30,C,68.81.84.44
Jan 29,04:15:45,C,99.245.91.141
Jan 29,04:15:52,0,192.168.17.24
Jan 29,04:15:52,0,192.168.17.24
Jan 29,04:15:52,0,192.168.17.24
Jan 29,04:15:52,0,192.168.17.24
Jan 29,04:16:09,C,88.241.227.226
Jan 29,04:17:19,C,24.64.99.251
Jan 29,04:17:19,C,24.64.99.251
Jan 29,04:17:19,C,24.64.99.251
Jan 29,04:17:26,0,192.168.17.113
Jan 29,04:17:28,0,192.168.17.113
Jan 29,04:17:33,0,192.168.17.113
Jan 29,04:17:43,0,192.168.17.113
Jan 29,04:18:03,0,192.168.17.113
Jan 29,04:18:10,C,24.64.203.111
Jan 29,04:18:10,C,24.64.203.111
Jan 29,04:18:10,C,24.64.203.111
Jan 29,04:18:26,C,85.104.40.125
Jan 29,04:18:43,0,192.168.17.113
Jan 29,04:18:51,0,192.168.17.24
Jan 29,04:18:51,0,192.168.17.24
Jan 29,04:18:51,0,192.168.17.24
Jan 29,04:18:51,0,192.168.17.24
Jan 29,04:19:26,C,66.11.164.174
Jan 29,04:20:36,C,207.8.198.31
Jan 29,04:21:14,C,83.11.117.100
Jan 29,04:21:46,0,192.168.17.24
Jan 29,04:21:46,0,192.168.17.24
Jan 29,04:21:46,0,192.168.17.24
Jan 29,04:21:46,0,192.168.17.24
Jan 29,04:23:05,C,207.68.178.56
Jan 29,04:24:16,C,161.85.118.220
Jan 29,04:24:30,C,88.246.139.1
Jan 29,04:24:33,C,86.55.160.170
Jan 29,04:24:47,0,192.168.17.24
Jan 29,04:24:47,0,192.168.17.24
Jan 29,04:24:47,0,192.168.17.24
Jan 29,04:24:47,0,192.168.17.24
Jan 29,04:25:49,C,92.83.127.213
Jan 29,04:27:04,C,222.130.211.51
Jan 29,04:27:55,0,192.168.17.11
Jan 29,04:28:05,0,192.168.17.24
Jan 29,04:28:05,0,192.168.17.24
Jan 29,04:28:05,0,192.168.17.24
Jan 29,04:28:05,0,192.168.17.24
Jan 29,04:29:34,C,67.113.111.177
Jan 29,04:31:04,0,192.168.17.24
Jan 29,04:31:04,0,192.168.17.24
Jan 29,04:31:04,0,192.168.17.24
Jan 29,04:31:04,0,192.168.17.24
Jan 29,04:33:31,C,68.188.196.186
Jan 29,04:34:00,0,192.168.17.24
Jan 29,04:34:00,0,192.168.17.24
Jan 29,04:34:00,0,192.168.17.24
Jan 29,04:34:00,0,192.168.17.24
Jan 29,04:34:42,C,68.12.143.82
Jan 29,04:34:43,C,71.206.130.118
Jan 29,04:34:43,C,76.17.177.237
Jan 29,04:34:43,C,24.166.109.127
Jan 29,04:34:43,C,24.165.92.109
Jan 29,04:35:31,C,71.206.130.118
Jan 29,04:35:43,C,71.206.130.118
Jan 29,04:36:33,C,216.173.13.226
Jan 29,04:36:36,C,216.173.13.226
Jan 29,04:37:00,0,192.168.17.24
Jan 29,04:37:00,0,192.168.17.24
Jan 29,04:37:00,0,192.168.17.24
Jan 29,04:37:00,0,192.168.17.24
Jan 29,04:40:19,0,192.168.17.24
Jan 29,04:40:19,0,192.168.17.24
Jan 29,04:40:19,0,192.168.17.24
Jan 29,04:40:19,0,192.168.17.24
Jan 29,04:43:11,C,193.22.88.152
Jan 29,04:43:15,C,216.198.251.162
Jan 29,04:43:19,0,192.168.17.24
Jan 29,04:43:19,0,192.168.17.24
Jan 29,04:43:19,0,192.168.17.24
Jan 29,04:43:19,0,192.168.17.24
Jan 29,04:44:57,C,195.205.8.254
Jan 29,04:44:58,C,195.205.8.254
Jan 29,04:44:59,C,195.205.8.254
Jan 29,04:45:00,C,195.205.8.254
Jan 29,04:45:00,0,192.168.17.11
Jan 29,04:45:01,C,195.205.8.254
Jan 29,04:45:51,C,61.247.239.28
Jan 29,04:45:58,C,203.130.2.3
Jan 29,04:46:14,0,192.168.17.24
Jan 29,04:46:14,0,192.168.17.24
Jan 29,04:46:14,0,192.168.17.24
Jan 29,04:46:14,0,192.168.17.24
Jan 29,04:46:34,C,67.15.135.138
Jan 29,04:47:37,C,67.15.135.138
Jan 29,04:48:18,C,125.65.244.45
Jan 29,04:48:25,C,24.64.123.100
Jan 29,04:48:25,C,24.64.123.100
Jan 29,04:48:25,C,24.64.123.100
Jan 29,04:49:14,0,192.168.17.24
Jan 29,04:49:14,0,192.168.17.24
Jan 29,04:49:14,0,192.168.17.24
Jan 29,04:49:14,0,192.168.17.24
Jan 29,04:49:47,C,24.64.117.21
Jan 29,04:49:47,C,24.64.117.21
Jan 29,04:49:47,C,24.64.117.21
Jan 29,04:50:17,C,99.163.34.225
Jan 29,04:50:51,C,67.15.135.138
Jan 29,04:51:58,C,195.135.221.135
Jan 29,04:52:11,C,210.185.160.111
Jan 29,04:52:33,0,192.168.17.24
Jan 29,04:52:33,0,192.168.17.24
Jan 29,04:52:33,0,192.168.17.24
Jan 29,04:52:33,0,192.168.17.24
Jan 29,04:52:38,C,203.130.2.3
Jan 29,04:53:08,C,24.64.228.211
Jan 29,04:53:08,C,24.64.228.211
Jan 29,04:53:08,C,24.64.228.211
Jan 29,04:54:13,C,92.113.205.165
Jan 29,04:54:48,C,56.126.223.189
Jan 29,04:55:33,0,192.168.17.24
Jan 29,04:55:33,0,192.168.17.24
Jan 29,04:55:33,0,192.168.17.24
Jan 29,04:55:33,0,192.168.17.24
Jan 29,04:55:34,C,91.120.54.156
Jan 29,04:55:43,C,85.98.186.43
Jan 29,04:55:46,C,207.58.147.92
Jan 29,04:56:24,C,208.64.200.32
Jan 29,04:56:25,C,96.234.177.228
Jan 29,04:56:27,C,66.230.200.240
Jan 29,04:56:28,C,87.223.189.238
Jan 29,04:58:29,0,192.168.17.24
Jan 29,04:58:29,0,192.168.17.24
Jan 29,04:58:29,0,192.168.17.24
Jan 29,04:58:29,0,192.168.17.24
Jan 29,04:58:54,C,75.121.38.232
Jan 29,05:00:40,C,24.64.198.159
Jan 29,05:00:40,C,24.64.198.159
Jan 29,05:00:40,C,24.64.198.159
Jan 29,05:01:30,0,192.168.17.24
Jan 29,05:01:30,0,192.168.17.24
Jan 29,05:01:30,0,192.168.17.24
Jan 29,05:01:30,0,192.168.17.24
Jan 29,05:02:08,0,192.168.17.11
Jan 29,05:03:14,C,198.173.64.82
Jan 29,05:04:47,0,192.168.17.24
Jan 29,05:04:47,0,192.168.17.24
Jan 29,05:04:47,0,192.168.17.24
Jan 29,05:04:47,0,192.168.17.24
Jan 29,05:05:48,C,77.49.33.205
Jan 29,05:07:47,0,192.168.17.24
Jan 29,05:07:47,0,192.168.17.24
Jan 29,05:07:47,0,192.168.17.24
Jan 29,05:07:47,0,192.168.17.24
Jan 29,05:08:16,C,88.252.39.9
Jan 29,05:10:10,C,88.227.145.120
Jan 29,05:10:13,C,209.200.225.222
Jan 29,05:10:41,0,192.168.17.24
Jan 29,05:10:41,0,192.168.17.24
Jan 29,05:10:41,0,192.168.17.24
Jan 29,05:10:41,0,192.168.17.24
Jan 29,05:11:06,C,72.44.69.122
Jan 29,05:11:27,C,66.11.164.174
Jan 29,05:12:14,C,123.7.11.116
Jan 29,05:12:37,C,203.130.2.3
Jan 29,05:13:18,C,85.18.14.45
Jan 29,05:13:43,0,192.168.17.24
Jan 29,05:13:43,0,192.168.17.24
Jan 29,05:13:43,0,192.168.17.24
Jan 29,05:13:43,0,192.168.17.24
Jan 29,05:16:47,C,125.65.244.45
Jan 29,05:17:01,0,192.168.17.24
Jan 29,05:17:01,0,192.168.17.24
Jan 29,05:17:01,0,192.168.17.24
Jan 29,05:17:01,0,192.168.17.24
Jan 29,05:18:12,C,59.96.104.144
Jan 29,05:18:53,C,35.248.242.23
Jan 29,05:19:13,0,192.168.17.11
Jan 29,05:20:00,0,192.168.17.24
Jan 29,05:20:00,0,192.168.17.24
Jan 29,05:20:00,0,192.168.17.24
Jan 29,05:20:00,0,192.168.17.24
Jan 29,05:20:19,C,88.204.214.253
Jan 29,05:20:59,C,61.17.32.97
Jan 29,05:21:21,C,67.15.135.138
Jan 29,05:21:40,C,221.128.153.121
Jan 29,05:22:35,C,67.15.135.138
Jan 29,05:22:45,C,88.141.131.95
Jan 29,05:22:57,0,192.168.17.24
Jan 29,05:22:57,0,192.168.17.24
Jan 29,05:22:57,0,192.168.17.24
Jan 29,05:22:57,0,192.168.17.24
Jan 29,05:24:29,C,222.112.147.208
Jan 29,05:25:19,C,172.185.75.116
Jan 29,05:25:57,0,192.168.17.24
Jan 29,05:25:57,0,192.168.17.24
Jan 29,05:25:57,0,192.168.17.24
Jan 29,05:25:57,0,192.168.17.24
Jan 29,05:26:01,C,67.15.135.138
Jan 29,05:27:25,C,89.21.232.5
Jan 29,05:27:31,C,88.231.183.155
Jan 29,05:28:17,C,125.76.214.6
Jan 29,05:28:54,C,185.79.236.96
Jan 29,05:29:15,0,192.168.17.24
Jan 29,05:29:15,0,192.168.17.24
Jan 29,05:29:15,0,192.168.17.24
Jan 29,05:29:15,0,192.168.17.24
Jan 29,05:29:33,C,62.189.181.120
Jan 29,05:30:19,C,104.214.116.160
Jan 29,05:31:08,C,124.253.3.84
Jan 29,05:31:10,C,91.124.139.216
Jan 29,05:32:14,0,192.168.17.24
Jan 29,05:32:14,0,192.168.17.24
Jan 29,05:32:14,0,192.168.17.24
Jan 29,05:32:14,0,192.168.17.24
Jan 29,05:33:33,C,219.153.13.152
Jan 29,05:35:15,0,192.168.17.24
Jan 29,05:35:15,0,192.168.17.24
Jan 29,05:35:15,0,192.168.17.24
Jan 29,05:35:15,0,192.168.17.24
Jan 29,05:36:18,0,192.168.17.11
Jan 29,05:36:53,C,64.74.133.20
Jan 29,05:37:00,C,64.74.133.12
Jan 29,05:37:17,C,64.74.133.20
Jan 29,05:37:24,C,64.74.133.12
Jan 29,05:37:36,C,64.74.133.20
Jan 29,05:37:42,C,64.74.133.12
Jan 29,05:37:59,C,64.74.133.20
Jan 29,05:38:06,C,64.74.133.12
Jan 29,05:38:17,C,64.74.133.20
Jan 29,05:38:24,0,192.168.17.24
Jan 29,05:38:24,0,192.168.17.24
Jan 29,05:38:24,0,192.168.17.24
Jan 29,05:38:24,0,192.168.17.24
Jan 29,05:38:41,C,64.74.133.20
Jan 29,05:39:05,C,64.74.133.20
Jan 29,05:39:27,C,66.98.0.101
Jan 29,05:41:23,0,192.168.17.24
Jan 29,05:41:23,0,192.168.17.24
Jan 29,05:41:23,0,192.168.17.24
Jan 29,05:41:23,0,192.168.17.24
Jan 29,05:41:40,C,222.117.164.222
Jan 29,05:43:23,C,115.187.206.140
Jan 29,05:44:28,0,192.168.17.24
Jan 29,05:44:28,0,192.168.17.24
Jan 29,05:44:28,0,192.168.17.24
Jan 29,05:44:28,0,192.168.17.24
Jan 29,05:44:32,C,24.64.129.184
Jan 29,05:44:32,C,24.64.129.184
Jan 29,05:44:32,C,24.64.129.184
Jan 29,05:44:45,C,24.64.139.166
Jan 29,05:44:45,C,24.64.139.166
Jan 29,05:45:01,C,66.167.81.195
Jan 29,05:46:19,C,77.51.81.204
Jan 29,05:46:23,C,87.106.95.209
Jan 29,05:47:23,0,192.168.17.24
Jan 29,05:47:23,0,192.168.17.24
Jan 29,05:47:23,0,192.168.17.24
Jan 29,05:47:23,0,192.168.17.24
Jan 29,05:49:53,C,124.125.41.87
Jan 29,05:50:24,0,192.168.17.24
Jan 29,05:50:24,0,192.168.17.24
Jan 29,05:50:24,0,192.168.17.24
Jan 29,05:50:24,0,192.168.17.24
Jan 29,05:50:44,C,122.163.97.121
Jan 29,05:52:25,C,70.85.185.66
Jan 29,05:53:11,C,220.64.219.189
Jan 29,05:53:23,0,192.168.17.11
Jan 29,05:53:33,0,192.168.17.24
Jan 29,05:53:33,0,192.168.17.24
Jan 29,05:53:33,0,192.168.17.24
Jan 29,05:53:33,0,192.168.17.24
Jan 29,05:54:12,C,24.64.118.104
Jan 29,05:54:12,C,24.64.118.104
Jan 29,05:54:12,C,24.64.118.104
Jan 29,05:56:37,0,192.168.17.24
Jan 29,05:56:37,0,192.168.17.24
Jan 29,05:56:37,0,192.168.17.24
Jan 29,05:56:37,0,192.168.17.24
Jan 29,05:56:40,C,42.201.28.114
Jan 29,05:57:16,C,24.64.122.10
Jan 29,05:57:16,C,24.64.122.10
Jan 29,05:57:16,C,24.64.122.10
Jan 29,05:59:28,0,192.168.17.24
Jan 29,05:59:28,0,192.168.17.24
Jan 29,05:59:28,0,192.168.17.24
Jan 29,05:59:28,0,192.168.17.24
Jan 29,06:02:09,C,80.207.16.18
Jan 29,06:02:11,C,80.207.16.18
Jan 29,06:02:11,C,80.207.16.18
Jan 29,06:02:13,C,80.207.16.18
Jan 29,06:02:14,C,80.207.16.18
Jan 29,06:02:32,0,192.168.17.24
Jan 29,06:02:32,0,192.168.17.24
Jan 29,06:02:32,0,192.168.17.24
Jan 29,06:02:32,0,192.168.17.24
Jan 29,06:03:45,C,80.145.197.50
Jan 29,06:04:52,C,189.26.72.76
Jan 29,06:04:59,C,62.139.173.49
Jan 29,06:05:03,C,62.43.240.58
Jan 29,06:05:27,0,192.168.17.24
Jan 29,06:05:27,0,192.168.17.24
Jan 29,06:05:27,0,192.168.17.24
Jan 29,06:05:27,0,192.168.17.24
Jan 29,06:05:52,C,82.31.90.79
Jan 29,06:06:07,C,11.216.73.107
Jan 29,06:08:28,0,192.168.17.24
Jan 29,06:08:28,0,192.168.17.24
Jan 29,06:08:28,0,192.168.17.24
Jan 29,06:08:28,0,192.168.17.24
Jan 29,06:10:05,3,216.58.112.55
Jan 29,06:10:24,C,65.100.199.179
Jan 29,06:10:29,0,192.168.17.11
Jan 29,06:11:02,C,89.218.72.48
Jan 29,06:11:09,C,89.239.170.230
Jan 29,06:11:41,0,192.168.17.24
Jan 29,06:11:41,0,192.168.17.24
Jan 29,06:11:41,0,192.168.17.24
Jan 29,06:11:41,0,192.168.17.24
Jan 29,06:13:14,C,91.163.121.22
Jan 29,06:14:35,C,89.106.9.10
Jan 29,06:14:41,0,192.168.17.24
Jan 29,06:14:41,0,192.168.17.24
Jan 29,06:14:41,0,192.168.17.24
Jan 29,06:14:41,0,192.168.17.24
Jan 29,06:16:25,C,78.176.73.68
Jan 29,06:16:55,C,85.100.152.76
Jan 29,06:17:40,0,192.168.17.24
Jan 29,06:17:40,0,192.168.17.24
Jan 29,06:17:40,0,192.168.17.24
Jan 29,06:17:40,0,192.168.17.24
Jan 29,06:17:51,C,62.57.158.240
Jan 29,06:18:27,C,88.253.77.212
Jan 29,06:19:59,C,87.226.215.54
Jan 29,06:20:03,C,62.193.216.46
Jan 29,06:20:42,0,192.168.17.24
Jan 29,06:20:42,0,192.168.17.24
Jan 29,06:20:42,0,192.168.17.24
Jan 29,06:20:42,0,192.168.17.24
Jan 29,06:23:19,C,211.116.81.90
Jan 29,06:23:36,C,24.64.37.74
Jan 29,06:23:36,C,24.64.37.74
Jan 29,06:23:36,C,24.64.37.74
Jan 29,06:23:51,0,192.168.17.24
Jan 29,06:23:51,0,192.168.17.24
Jan 29,06:23:51,0,192.168.17.24
Jan 29,06:23:51,0,192.168.17.24
Jan 29,06:25:38,C,213.217.179.196
Jan 29,06:26:49,C,24.64.105.94
Jan 29,06:26:49,C,24.64.105.94
Jan 29,06:26:49,C,24.64.105.94
Jan 29,06:26:55,0,192.168.17.24
Jan 29,06:26:55,0,192.168.17.24
Jan 29,06:26:55,0,192.168.17.24
Jan 29,06:26:55,0,192.168.17.24
Jan 29,06:27:34,0,192.168.17.11
Jan 29,06:28:01,C,129.197.76.182
Jan 29,06:29:54,0,192.168.17.24
Jan 29,06:29:54,0,192.168.17.24
Jan 29,06:29:54,0,192.168.17.24
Jan 29,06:29:54,0,192.168.17.24
Jan 29,06:30:57,C,82.0.207.55
Jan 29,06:31:00,C,69.72.133.211
Jan 29,06:31:42,C,128.121.79.163
Jan 29,06:32:49,0,192.168.17.24
Jan 29,06:32:49,0,192.168.17.24
Jan 29,06:32:49,0,192.168.17.24
Jan 29,06:32:49,0,192.168.17.24
Jan 29,06:33:34,C,24.64.71.104
Jan 29,06:33:34,C,24.64.71.104
Jan 29,06:33:34,C,24.64.71.104
Jan 29,06:35:50,0,192.168.17.24
Jan 29,06:35:50,0,192.168.17.24
Jan 29,06:35:50,0,192.168.17.24
Jan 29,06:35:50,0,192.168.17.24
Jan 29,06:37:02,C,66.11.164.174
Jan 29,06:38:58,0,192.168.17.24
Jan 29,06:38:58,0,192.168.17.24
Jan 29,06:38:58,0,192.168.17.24
Jan 29,06:38:58,0,192.168.17.24
Jan 29,06:39:47,C,212.83.88.47
Jan 29,06:41:03,C,203.130.172.230
Jan 29,06:41:57,0,192.168.17.24
Jan 29,06:41:57,0,192.168.17.24
Jan 29,06:41:57,0,192.168.17.24
Jan 29,06:41:57,0,192.168.17.24
Jan 29,06:42:41,C,212.182.187.71
Jan 29,06:44:39,0,192.168.17.11
Jan 29,06:45:03,0,192.168.17.24
Jan 29,06:45:03,0,192.168.17.24
Jan 29,06:45:03,0,192.168.17.24
Jan 29,06:45:03,0,192.168.17.24
Jan 29,06:46:01,C,67.15.135.138
Jan 29,06:47:21,C,78.3.77.4
Jan 29,06:47:58,0,192.168.17.24
Jan 29,06:47:58,0,192.168.17.24
Jan 29,06:47:58,0,192.168.17.24
Jan 29,06:47:58,0,192.168.17.24
Jan 29,06:48:01,C,68.119.100.24
Jan 29,06:49:05,C,81.27.145.12
Jan 29,06:49:13,C,217.30.253.42
Jan 29,06:50:59,0,192.168.17.24
Jan 29,06:50:59,0,192.168.17.24
Jan 29,06:50:59,0,192.168.17.24
Jan 29,06:50:59,0,192.168.17.24
Jan 29,06:52:36,C,172.210.174.157
Jan 29,06:52:56,C,87.88.189.78
Jan 29,06:54:17,0,192.168.17.24
Jan 29,06:54:17,0,192.168.17.24
Jan 29,06:54:17,0,192.168.17.24
Jan 29,06:54:17,0,192.168.17.24
Jan 29,06:54:27,C,164.173.192.88
Jan 29,06:54:54,C,24.64.103.99
Jan 29,06:54:54,C,24.64.103.99
Jan 29,06:54:54,C,24.64.103.99
Jan 29,06:57:17,0,192.168.17.24
Jan 29,06:57:17,0,192.168.17.24
Jan 29,06:57:17,0,192.168.17.24
Jan 29,06:57:17,0,192.168.17.24
Jan 29,06:59:11,C,24.65.2.194
Jan 29,06:59:11,C,24.65.2.194
Jan 29,06:59:11,C,24.65.2.194
Jan 29,07:00:12,0,192.168.17.24
Jan 29,07:00:12,0,192.168.17.24
Jan 29,07:00:12,0,192.168.17.24
Jan 29,07:00:12,0,192.168.17.24
Jan 29,07:00:31,C,139.195.225.120
Jan 29,07:01:47,0,192.168.17.11
Jan 29,07:01:57,C,205.214.70.29
Jan 29,07:03:13,0,192.168.17.24
Jan 29,07:03:13,0,192.168.17.24
Jan 29,07:03:13,0,192.168.17.24
Jan 29,07:03:13,0,192.168.17.24
Jan 29,07:05:39,C,24.64.181.70
Jan 29,07:05:39,C,24.64.181.70
Jan 29,07:05:39,C,24.64.181.70
Jan 29,07:05:57,C,66.11.164.174
Jan 29,07:06:25,0,192.168.17.24
Jan 29,07:06:25,0,192.168.17.24
Jan 29,07:06:25,0,192.168.17.24
Jan 29,07:06:25,0,192.168.17.24
Jan 29,07:07:53,C,202.213.57.37
Jan 29,07:08:28,C,78.62.67.99
Jan 29,07:08:50,C,91.127.44.141
Jan 29,07:09:11,C,88.249.64.131
Jan 29,07:09:31,0,192.168.17.24
Jan 29,07:09:31,0,192.168.17.24
Jan 29,07:09:31,0,192.168.17.24
Jan 29,07:09:31,0,192.168.17.24
Jan 29,07:12:26,0,192.168.17.24
Jan 29,07:12:26,0,192.168.17.24
Jan 29,07:12:26,0,192.168.17.24
Jan 29,07:12:26,0,192.168.17.24
Jan 29,07:13:05,C,62.202.74.126
Jan 29,07:13:08,C,62.202.74.126
Jan 29,07:13:49,C,81.154.43.76
Jan 29,07:13:54,C,218.27.4.98
Jan 29,07:13:59,C,89.110.10.82
Jan 29,07:14:14,C,87.235.99.242
Jan 29,07:15:15,C,81.23.126.18
Jan 29,07:15:18,C,24.64.44.212
Jan 29,07:15:18,C,24.64.44.212
Jan 29,07:15:18,C,24.64.44.212
Jan 29,07:15:27,0,192.168.17.24
Jan 29,07:15:27,0,192.168.17.24
Jan 29,07:15:27,0,192.168.17.24
Jan 29,07:15:27,0,192.168.17.24
Jan 29,07:15:29,C,103.226.196.33
Jan 29,07:18:05,C,122.164.76.115
Jan 29,07:18:41,0,192.168.17.24
Jan 29,07:18:41,0,192.168.17.24
Jan 29,07:18:41,0,192.168.17.24
Jan 29,07:18:41,0,192.168.17.24
Jan 29,07:18:51,0,192.168.17.11
Jan 29,07:21:45,0,192.168.17.24
Jan 29,07:21:45,0,192.168.17.24
Jan 29,07:21:45,0,192.168.17.24
Jan 29,07:21:45,0,192.168.17.24
Jan 29,07:24:36,C,218.16.119.142
Jan 29,07:24:45,0,192.168.17.24
Jan 29,07:24:45,0,192.168.17.24
Jan 29,07:24:45,0,192.168.17.24
Jan 29,07:24:45,0,192.168.17.24
Jan 29,07:26:33,C,99.233.139.230
Jan 29,07:26:36,C,99.233.139.230
Jan 29,07:26:39,C,99.233.139.230
Jan 29,07:26:42,C,99.233.139.230
Jan 29,07:26:42,C,99.233.139.230
Jan 29,07:27:54,0,192.168.17.24
Jan 29,07:27:54,0,192.168.17.24
Jan 29,07:27:54,0,192.168.17.24
Jan 29,07:27:54,0,192.168.17.24
Jan 29,07:29:05,C,79.72.34.118
Jan 29,07:30:49,C,67.15.135.138
Jan 29,07:30:59,0,192.168.17.24
Jan 29,07:30:59,0,192.168.17.24
Jan 29,07:30:59,0,192.168.17.24
Jan 29,07:30:59,0,192.168.17.24
Jan 29,07:33:35,C,217.136.233.230
Jan 29,07:33:59,0,192.168.17.24
Jan 29,07:33:59,0,192.168.17.24
Jan 29,07:33:59,0,192.168.17.24
Jan 29,07:33:59,0,192.168.17.24
Jan 29,07:34:16,C,201.235.46.177
Jan 29,07:35:58,0,192.168.17.11
Jan 29,07:36:26,C,24.64.97.160
Jan 29,07:36:26,C,24.64.97.160
Jan 29,07:36:26,C,24.64.97.160
Jan 29,07:36:55,0,192.168.17.24
Jan 29,07:36:55,0,192.168.17.24
Jan 29,07:36:55,0,192.168.17.24
Jan 29,07:36:55,0,192.168.17.24
Jan 29,07:37:11,C,89.138.226.129
Jan 29,07:38:21,C,195.210.44.163
Jan 29,07:38:24,C,195.210.44.163
Jan 29,07:38:44,C,54.247.102.222
Jan 29,07:39:55,0,192.168.17.24
Jan 29,07:39:55,0,192.168.17.24
Jan 29,07:39:55,0,192.168.17.24
Jan 29,07:39:55,0,192.168.17.24
Jan 29,07:40:20,C,216.205.91.75
Jan 29,07:43:07,0,192.168.17.24
Jan 29,07:43:07,0,192.168.17.24
Jan 29,07:43:07,0,192.168.17.24
Jan 29,07:43:07,0,192.168.17.24
Jan 29,07:43:21,C,210.17.245.163
Jan 29,07:46:12,0,192.168.17.24
Jan 29,07:46:12,0,192.168.17.24
Jan 29,07:46:12,0,192.168.17.24
Jan 29,07:46:12,0,192.168.17.24
Jan 29,07:46:18,C,221.208.208.96
Jan 29,07:46:18,C,221.208.208.96
Jan 29,07:49:09,0,192.168.17.24
Jan 29,07:49:09,0,192.168.17.24
Jan 29,07:49:09,0,192.168.17.24
Jan 29,07:49:09,0,192.168.17.24
Jan 29,07:49:19,C,190.50.215.123
Jan 29,07:52:09,0,192.168.17.24
Jan 29,07:52:09,0,192.168.17.24
Jan 29,07:52:09,0,192.168.17.24
Jan 29,07:52:09,0,192.168.17.24
Jan 29,07:53:03,0,192.168.17.11
Jan 29,07:55:27,0,192.168.17.24
Jan 29,07:55:27,0,192.168.17.24
Jan 29,07:55:27,0,192.168.17.24
Jan 29,07:55:27,0,192.168.17.24
Jan 29,07:58:26,0,192.168.17.24
Jan 29,07:58:26,0,192.168.17.24
Jan 29,07:58:26,0,192.168.17.24
Jan 29,07:58:26,0,192.168.17.24
Jan 29,07:59:27,C,221.208.208.96
Jan 29,07:59:27,C,221.208.208.96
Jan 29,08:01:00,C,66.11.164.174
Jan 29,08:01:16,C,205.120.249.95
Jan 29,08:01:23,0,192.168.17.24
Jan 29,08:01:23,0,192.168.17.24
Jan 29,08:01:23,0,192.168.17.24
Jan 29,08:01:23,0,192.168.17.24
Jan 29,08:01:48,C,194.213.42.149
Jan 29,08:04:23,0,192.168.17.24
Jan 29,08:04:23,0,192.168.17.24
Jan 29,08:04:23,0,192.168.17.24
Jan 29,08:04:23,0,192.168.17.24
Jan 29,08:04:25,C,201.68.29.229
Jan 29,08:04:25,C,201.68.29.229
Jan 29,08:04:34,C,24.64.158.1
Jan 29,08:04:34,C,24.64.158.1
Jan 29,08:04:34,C,24.64.158.1
Jan 29,08:07:25,0,192.168.17.24
Jan 29,08:07:25,0,192.168.17.24
Jan 29,08:07:25,0,192.168.17.24
Jan 29,08:07:25,0,192.168.17.24
Jan 29,08:09:51,C,23.118.142.54
Jan 29,08:10:08,C,124.64.197.227
Jan 29,08:10:11,0,192.168.17.11
Jan 29,08:10:35,0,192.168.17.24
Jan 29,08:10:35,0,192.168.17.24
Jan 29,08:10:35,0,192.168.17.24
Jan 29,08:10:35,0,192.168.17.24
Jan 29,08:12:10,C,24.64.92.58
Jan 29,08:12:10,C,24.64.92.58
Jan 29,08:12:10,C,24.64.92.58
Jan 29,08:13:35,0,192.168.17.24
Jan 29,08:13:35,0,192.168.17.24
Jan 29,08:13:35,0,192.168.17.24
Jan 29,08:13:35,0,192.168.17.24
Jan 29,08:14:32,C,77.103.133.38
Jan 29,08:14:43,C,82.82.135.131
Jan 29,08:15:41,C,201.229.180.239
Jan 29,08:16:09,C,58.187.204.115
Jan 29,08:16:28,C,77.42.129.124
Jan 29,08:16:30,0,192.168.17.24
Jan 29,08:16:30,0,192.168.17.24
Jan 29,08:16:30,0,192.168.17.24
Jan 29,08:16:30,0,192.168.17.24
Jan 29,08:17:05,0,216.58.112.55
Jan 29,08:17:36,0,216.58.112.55
Jan 29,08:18:38,0,216.58.112.55
Jan 29,08:19:31,0,192.168.17.24
Jan 29,08:19:31,0,192.168.17.24
Jan 29,08:19:31,0,192.168.17.24
Jan 29,08:19:31,0,192.168.17.24
Jan 29,08:22:15,C,24.64.87.149
Jan 29,08:22:15,C,24.64.87.149
Jan 29,08:22:15,C,24.64.87.149
Jan 29,08:22:41,0,192.168.17.24
Jan 29,08:22:41,0,192.168.17.24
Jan 29,08:22:41,0,192.168.17.24
Jan 29,08:22:41,0,192.168.17.24
Jan 29,08:23:36,C,190.64.178.15
Jan 29,08:25:49,0,192.168.17.24
Jan 29,08:25:49,0,192.168.17.24
Jan 29,08:25:49,0,192.168.17.24
Jan 29,08:25:49,0,192.168.17.24
Jan 29,08:25:50,C,189.13.197.253
Jan 29,08:26:21,C,50.175.203.207
Jan 29,08:27:15,0,192.168.17.11
Jan 29,08:28:34,C,61.7.42.45
Jan 29,08:28:44,0,192.168.17.24
Jan 29,08:28:44,0,192.168.17.24
Jan 29,08:28:44,0,192.168.17.24
Jan 29,08:28:44,0,192.168.17.24
Jan 29,08:29:07,C,41.196.235.213
Jan 29,08:31:45,0,192.168.17.24
Jan 29,08:31:45,0,192.168.17.24
Jan 29,08:31:45,0,192.168.17.24
Jan 29,08:31:45,0,192.168.17.24
Jan 29,08:32:09,C,111.58.183.137
Jan 29,08:33:14,C,189.13.212.7
Jan 29,08:33:36,C,199.89.242.208
Jan 29,08:34:43,C,213.140.232.7
Jan 29,08:34:57,0,192.168.17.24
Jan 29,08:34:57,0,192.168.17.24
Jan 29,08:34:57,0,192.168.17.24
Jan 29,08:34:57,0,192.168.17.24
Jan 29,08:35:31,C,24.64.138.162
Jan 29,08:35:31,C,24.64.138.162
Jan 29,08:35:31,C,24.64.138.162
Jan 29,08:35:56,C,69.147.103.130
Jan 29,08:37:00,C,82.158.227.219
Jan 29,08:38:03,0,192.168.17.24
Jan 29,08:38:03,0,192.168.17.24
Jan 29,08:38:03,0,192.168.17.24
Jan 29,08:38:03,0,192.168.17.24
Jan 29,08:40:41,C,87.18.196.127
Jan 29,08:40:58,0,192.168.17.24
Jan 29,08:40:58,0,192.168.17.24
Jan 29,08:40:58,0,192.168.17.24
Jan 29,08:40:58,0,192.168.17.24
Jan 29,08:40:58,C,84.30.36.133
Jan 29,08:41:44,C,195.56.207.203
Jan 29,08:43:59,0,192.168.17.24
Jan 29,08:43:59,0,192.168.17.24
Jan 29,08:43:59,0,192.168.17.24
Jan 29,08:43:59,0,192.168.17.24
Jan 29,08:44:22,0,192.168.17.11
Jan 29,08:45:01,C,24.64.54.240
Jan 29,08:45:01,C,24.64.54.240
Jan 29,08:45:01,C,24.64.54.240
Jan 29,08:45:13,C,89.229.17.127
Jan 29,08:47:17,0,192.168.17.24
Jan 29,08:47:17,0,192.168.17.24
Jan 29,08:47:17,0,192.168.17.24
Jan 29,08:47:17,0,192.168.17.24
Jan 29,08:47:35,C,104.215.205.113
Jan 29,08:48:07,C,24.64.237.40
Jan 29,08:48:07,C,24.64.237.40
Jan 29,08:48:07,C,24.64.237.40
Jan 29,08:48:25,C,81.183.226.220
Jan 29,08:49:20,C,190.42.207.84
Jan 29,08:50:17,0,192.168.17.24
Jan 29,08:50:17,0,192.168.17.24
Jan 29,08:50:17,0,192.168.17.24
Jan 29,08:50:17,0,192.168.17.24
Jan 29,08:50:23,C,217.129.202.86
Jan 29,08:51:47,C,88.130.115.204
Jan 29,08:51:49,C,67.15.159.106
Jan 29,08:52:24,C,90.133.233.106
Jan 29,08:52:27,C,216.67.250.37
Jan 29,08:53:16,0,192.168.17.24
Jan 29,08:53:16,0,192.168.17.24
Jan 29,08:53:16,0,192.168.17.24
Jan 29,08:53:16,0,192.168.17.24
Jan 29,08:53:28,C,78.37.28.42
Jan 29,08:54:04,C,61.78.175.216
Jan 29,08:54:10,C,66.11.164.174
Jan 29,08:56:26,0,192.168.17.24
Jan 29,08:56:26,0,192.168.17.24
Jan 29,08:56:26,0,192.168.17.24
Jan 29,08:56:26,0,192.168.17.24
Jan 29,08:56:32,C,24.64.252.125
Jan 29,08:56:32,C,24.64.252.125
Jan 29,08:56:32,C,24.64.252.125
Jan 29,08:57:45,C,124.120.198.32
Jan 29,08:58:12,C,89.141.6.74
Jan 29,08:59:30,C,86.21.44.73
Jan 29,08:59:31,0,192.168.17.24
Jan 29,08:59:31,0,192.168.17.24
Jan 29,08:59:31,0,192.168.17.24
Jan 29,08:59:31,0,192.168.17.24
Jan 29,09:01:27,0,192.168.17.11
Jan 29,09:01:28,C,210.111.249.120
Jan 29,09:02:19,C,122.127.77.194
Jan 29,09:02:30,0,192.168.17.24
Jan 29,09:02:30,0,192.168.17.24
Jan 29,09:02:30,0,192.168.17.24
Jan 29,09:02:30,0,192.168.17.24
Jan 29,09:03:31,C,66.11.164.174
Jan 29,09:04:18,C,221.150.144.60
Jan 29,09:04:18,C,221.150.144.60
Jan 29,09:04:18,C,221.150.144.60
Jan 29,09:04:37,C,71.4.79.129
Jan 29,09:04:37,C,71.4.79.129
Jan 29,09:04:38,C,71.4.79.129
Jan 29,09:04:41,C,71.4.79.129
Jan 29,09:04:45,C,71.4.79.129
Jan 29,09:05:04,C,221.135.220.37
Jan 29,09:05:27,0,192.168.17.24
Jan 29,09:05:27,0,192.168.17.24
Jan 29,09:05:27,0,192.168.17.24
Jan 29,09:05:27,0,192.168.17.24
Jan 29,09:05:40,C,190.5.198.246
Jan 29,09:06:20,C,201.231.210.32
Jan 29,09:07:35,C,221.209.110.13
Jan 29,09:07:35,C,221.209.110.13
Jan 29,09:07:35,C,221.209.110.13
Jan 29,09:07:58,C,89.132.192.77
Jan 29,09:08:27,0,192.168.17.24
Jan 29,09:08:27,0,192.168.17.24
Jan 29,09:08:27,0,192.168.17.24
Jan 29,09:08:27,0,192.168.17.24
Jan 29,09:08:42,C,81.105.156.28
Jan 29,09:08:50,C,79.125.130.64
Jan 29,09:09:10,0,192.168.17.13
Jan 29,09:09:39,C,41.249.69.53
Jan 29,09:09:45,C,213.47.147.194
Jan 29,09:09:49,C,207.58.137.251
Jan 29,09:09:51,C,89.130.106.209
Jan 29,09:10:44,C,85.103.174.82
Jan 29,09:11:12,C,200.121.27.25
Jan 29,09:11:20,C,159.228.23.116
Jan 29,09:11:26,0,192.168.17.24
Jan 29,09:11:26,0,192.168.17.24
Jan 29,09:11:26,0,192.168.17.24
Jan 29,09:11:26,0,192.168.17.24
Jan 29,09:11:44,C,200.153.194.87
Jan 29,09:13:05,C,89.107.90.186
Jan 29,09:13:20,C,77.197.242.140
Jan 29,09:13:25,C,190.9.91.197
Jan 29,09:14:40,0,192.168.17.24
Jan 29,09:14:40,0,192.168.17.24
Jan 29,09:14:40,0,192.168.17.24
Jan 29,09:14:40,0,192.168.17.24
Jan 29,09:15:12,C,86.101.56.38
Jan 29,09:15:22,C,85.96.142.122
Jan 29,09:15:42,C,70.85.185.66
Jan 29,09:17:39,0,192.168.17.24
Jan 29,09:17:39,0,192.168.17.24
Jan 29,09:17:39,0,192.168.17.24
Jan 29,09:17:39,0,192.168.17.24
Jan 29,09:18:33,0,192.168.17.11
Jan 29,09:18:54,C,202.86.169.149
Jan 29,09:20:04,C,190.65.147.187
Jan 29,09:20:34,0,192.168.17.24
Jan 29,09:20:34,0,192.168.17.24
Jan 29,09:20:34,0,192.168.17.24
Jan 29,09:20:34,0,192.168.17.24
Jan 29,09:21:27,0,216.58.112.55
Jan 29,09:22:19,C,24.64.36.35
Jan 29,09:22:19,C,24.64.36.35
Jan 29,09:22:19,C,24.64.36.35
Jan 29,09:22:22,C,200.88.168.108
Jan 29,09:22:27,C,67.43.2.249
Jan 29,09:22:30,0,216.58.112.55
Jan 29,09:23:23,C,88.18.50.173
Jan 29,09:23:35,0,192.168.17.24
Jan 29,09:23:35,0,192.168.17.24
Jan 29,09:23:35,0,192.168.17.24
Jan 29,09:23:35,0,192.168.17.24
Jan 29,09:25:14,C,121.14.136.101
Jan 29,09:26:52,0,192.168.17.24
Jan 29,09:26:52,0,192.168.17.24
Jan 29,09:26:52,0,192.168.17.24
Jan 29,09:26:52,0,192.168.17.24
Jan 29,09:28:13,C,195.204.1.164
Jan 29,09:28:19,C,64.239.158.182
Jan 29,09:29:27,C,195.135.221.135
Jan 29,09:29:53,0,192.168.17.24
Jan 29,09:29:53,0,192.168.17.24
Jan 29,09:29:53,0,192.168.17.24
Jan 29,09:29:53,0,192.168.17.24
Jan 29,09:30:53,C,69.147.64.110
Jan 29,09:32:48,0,192.168.17.24
Jan 29,09:32:48,0,192.168.17.24
Jan 29,09:32:48,0,192.168.17.24
Jan 29,09:32:48,0,192.168.17.24
Jan 29,09:34:31,C,149.232.181.220
Jan 29,09:35:26,C,190.82.220.164
Jan 29,09:35:38,0,192.168.17.11
Jan 29,09:35:47,0,192.168.17.24
Jan 29,09:35:47,0,192.168.17.24
Jan 29,09:35:47,0,192.168.17.24
Jan 29,09:35:47,0,192.168.17.24
Jan 29,09:37:58,0,192.168.17.11
Jan 29,09:37:59,0,192.168.17.11
Jan 29,09:38:01,0,192.168.17.11
Jan 29,09:38:41,C,209.37.71.29
Jan 29,09:39:01,0,192.168.17.24
Jan 29,09:39:01,0,192.168.17.24
Jan 29,09:39:01,0,192.168.17.24
Jan 29,09:39:01,0,192.168.17.24
Jan 29,09:39:09,C,65.44.117.52
Jan 29,09:42:07,0,192.168.17.24
Jan 29,09:42:07,0,192.168.17.24
Jan 29,09:42:07,0,192.168.17.24
Jan 29,09:42:07,0,192.168.17.24
Jan 29,09:42:21,C,85.75.56.43
Jan 29,09:42:55,C,218.15.95.162
Jan 29,09:45:01,C,89.136.134.218
Jan 29,09:45:02,0,192.168.17.24
Jan 29,09:45:02,0,192.168.17.24
Jan 29,09:45:02,0,192.168.17.24
Jan 29,09:45:02,0,192.168.17.24
Jan 29,09:47:11,C,59.182.71.143
Jan 29,09:47:11,C,66.11.164.174
Jan 29,09:48:03,0,192.168.17.24
Jan 29,09:48:03,0,192.168.17.24
Jan 29,09:48:03,0,192.168.17.24
Jan 29,09:48:03,0,192.168.17.24
Jan 29,09:48:06,C,59.16.75.200
Jan 29,09:51:21,0,192.168.17.24
Jan 29,09:51:21,0,192.168.17.24
Jan 29,09:51:21,0,192.168.17.24
Jan 29,09:51:21,0,192.168.17.24
Jan 29,09:52:42,0,192.168.17.11
Jan 29,09:52:45,C,11.140.195.161
Jan 29,09:53:39,C,118.169.147.144
Jan 29,09:53:42,C,118.169.147.144
Jan 29,09:53:56,C,200.94.94.98
Jan 29,09:54:21,0,192.168.17.24
Jan 29,09:54:21,0,192.168.17.24
Jan 29,09:54:21,0,192.168.17.24
Jan 29,09:54:21,0,192.168.17.24
Jan 29,09:55:08,C,66.163.168.153
Jan 29,09:57:21,0,192.168.17.24
Jan 29,09:57:21,0,192.168.17.24
Jan 29,09:57:21,0,192.168.17.24
Jan 29,09:57:21,0,192.168.17.24
Jan 29,10:00:07,C,35.72.188.227
Jan 29,10:00:30,0,192.168.17.24
Jan 29,10:00:30,0,192.168.17.24
Jan 29,10:00:30,0,192.168.17.24
Jan 29,10:00:30,0,192.168.17.24
Jan 29,10:00:38,C,84.120.201.9
Jan 29,10:00:44,C,24.64.45.233
Jan 29,10:00:44,C,24.64.45.233
Jan 29,10:00:44,C,24.64.45.233
Jan 29,10:00:53,C,80.39.134.70
Jan 29,10:02:25,C,66.11.164.174
Jan 29,10:02:45,C,66.11.164.174
Jan 29,10:03:35,0,192.168.17.24
Jan 29,10:03:35,0,192.168.17.24
Jan 29,10:03:35,0,192.168.17.24
Jan 29,10:03:35,0,192.168.17.24
Jan 29,10:03:46,C,72.90.252.71
Jan 29,10:04:41,C,24.64.127.181
Jan 29,10:04:41,C,24.64.127.181
Jan 29,10:04:41,C,24.64.127.181
Jan 29,10:05:14,C,143.148.154.37
Jan 29,10:06:35,0,192.168.17.24
Jan 29,10:06:35,0,192.168.17.24
Jan 29,10:06:35,0,192.168.17.24
Jan 29,10:06:35,0,192.168.17.24
Jan 29,10:09:30,0,192.168.17.24
Jan 29,10:09:30,0,192.168.17.24
Jan 29,10:09:30,0,192.168.17.24
Jan 29,10:09:30,0,192.168.17.24
Jan 29,10:09:50,0,192.168.17.11
Jan 29,10:10:00,C,81.141.91.158
Jan 29,10:10:03,C,81.141.91.158
Jan 29,10:11:39,C,75.133.77.10
Jan 29,10:11:42,C,80.126.146.97
Jan 29,10:11:56,C,24.64.215.42
Jan 29,10:11:56,C,24.64.215.42
Jan 29,10:11:56,C,24.64.215.42
Jan 29,10:11:59,0,192.168.17.11
Jan 29,10:12:01,0,192.168.17.11
Jan 29,10:12:02,0,192.168.17.11
Jan 29,10:12:18,C,82.166.74.9
Jan 29,10:12:31,0,192.168.17.24
Jan 29,10:12:31,0,192.168.17.24
Jan 29,10:12:31,0,192.168.17.24
Jan 29,10:12:31,0,192.168.17.24
Jan 29,10:12:33,C,66.163.168.130
Jan 29,10:13:22,C,85.240.194.127
Jan 29,10:13:55,C,24.64.63.127
Jan 29,10:13:55,C,24.64.63.127
Jan 29,10:13:55,C,24.64.63.127
Jan 29,10:14:41,C,151.59.69.23
Jan 29,10:15:31,0,192.168.17.24
Jan 29,10:15:31,0,192.168.17.24
Jan 29,10:15:31,0,192.168.17.24
Jan 29,10:15:31,0,192.168.17.24
Jan 29,10:16:26,C,213.140.22.65
Jan 29,10:17:12,C,75.162.41.23
Jan 29,10:17:46,C,24.64.200.234
Jan 29,10:17:46,C,24.64.200.234
Jan 29,10:17:46,C,24.64.200.234
Jan 29,10:18:04,C,211.243.145.218
Jan 29,10:18:11,C,24.64.178.152
Jan 29,10:18:11,C,24.64.178.152
Jan 29,10:18:11,C,24.64.178.152
Jan 29,10:18:34,C,64.29.83.51
Jan 29,10:18:44,0,192.168.17.24
Jan 29,10:18:44,0,192.168.17.24
Jan 29,10:18:44,0,192.168.17.24
Jan 29,10:18:44,0,192.168.17.24
Jan 29,10:19:39,C,121.122.37.144
Jan 29,10:21:41,C,83.213.139.152
Jan 29,10:21:43,0,192.168.17.24
Jan 29,10:21:43,0,192.168.17.24
Jan 29,10:21:43,0,192.168.17.24
Jan 29,10:21:43,0,192.168.17.24
Jan 29,10:23:29,C,99.252.235.248
Jan 29,10:24:40,0,192.168.17.24
Jan 29,10:24:40,0,192.168.17.24
Jan 29,10:24:40,0,192.168.17.24
Jan 29,10:24:40,0,192.168.17.24
Jan 29,10:26:55,0,192.168.17.11
Jan 29,10:27:40,0,192.168.17.24
Jan 29,10:27:40,0,192.168.17.24
Jan 29,10:27:40,0,192.168.17.24
Jan 29,10:27:40,0,192.168.17.24
Jan 29,10:28:34,C,200.71.237.131
Jan 29,10:30:52,0,192.168.17.24
Jan 29,10:30:52,0,192.168.17.24
Jan 29,10:30:52,0,192.168.17.24
Jan 29,10:30:52,0,192.168.17.24
Jan 29,10:31:19,C,82.18.168.66
Jan 29,10:31:46,C,61.190.136.154
Jan 29,10:33:28,C,67.216.129.5
Jan 29,10:33:52,C,156.101.119.76
Jan 29,10:33:52,0,192.168.17.24
Jan 29,10:33:52,0,192.168.17.24
Jan 29,10:33:52,0,192.168.17.24
Jan 29,10:33:52,0,192.168.17.24
Jan 29,10:34:19,C,75.92.116.70
Jan 29,10:36:05,C,200.121.147.196
Jan 29,10:36:14,C,67.113.111.177
Jan 29,10:36:51,0,192.168.17.24
Jan 29,10:36:51,0,192.168.17.24
Jan 29,10:36:51,0,192.168.17.24
Jan 29,10:36:51,0,192.168.17.24
Jan 29,10:37:16,C,24.64.210.238
Jan 29,10:37:16,C,24.64.210.238
Jan 29,10:37:16,C,24.64.210.238
Jan 29,10:39:47,0,192.168.17.24
Jan 29,10:39:47,0,192.168.17.24
Jan 29,10:39:47,0,192.168.17.24
Jan 29,10:39:47,0,192.168.17.24
Jan 29,10:41:33,C,24.64.214.116
Jan 29,10:41:33,C,24.64.214.116
Jan 29,10:41:33,C,24.64.214.116
Jan 29,10:41:49,C,24.64.221.193
Jan 29,10:41:49,C,24.64.221.193
Jan 29,10:42:48,0,192.168.17.24
Jan 29,10:42:48,0,192.168.17.24
Jan 29,10:42:48,0,192.168.17.24
Jan 29,10:42:48,0,192.168.17.24
Jan 29,10:43:01,C,189.78.251.116
Jan 29,10:43:09,C,12.168.212.242
Jan 29,10:43:55,C,42.128.84.194
Jan 29,10:44:02,0,192.168.17.11
Jan 29,10:46:06,0,192.168.17.24
Jan 29,10:46:06,0,192.168.17.24
Jan 29,10:46:06,0,192.168.17.24
Jan 29,10:46:06,0,192.168.17.24
Jan 29,10:46:24,C,66.11.164.174
Jan 29,10:48:42,0,72.38.55.146
Jan 29,10:49:06,0,192.168.17.24
Jan 29,10:49:06,0,192.168.17.24
Jan 29,10:49:06,0,192.168.17.24
Jan 29,10:49:06,0,192.168.17.24
Jan 29,10:51:44,C,221.209.110.50
Jan 29,10:51:51,C,84.32.113.155
Jan 29,10:52:06,0,192.168.17.24
Jan 29,10:52:06,0,192.168.17.24
Jan 29,10:52:06,0,192.168.17.24
Jan 29,10:52:06,0,192.168.17.24
Jan 29,10:52:48,C,91.144.133.147
Jan 29,10:53:16,C,82.38.230.183
Jan 29,10:55:13,C,84.29.182.181
Jan 29,10:55:15,C,66.230.200.240
Jan 29,10:55:15,0,192.168.17.24
Jan 29,10:55:15,0,192.168.17.24
Jan 29,10:55:15,0,192.168.17.24
Jan 29,10:55:15,0,192.168.17.24
Jan 29,10:56:07,C,190.26.104.67
Jan 29,10:56:44,C,89.1.151.53
Jan 29,10:57:22,C,201.230.149.37
Jan 29,10:57:54,C,83.46.128.235
Jan 29,10:58:03,C,24.64.101.157
Jan 29,10:58:03,C,24.64.101.157
Jan 29,10:58:03,C,24.64.101.157
Jan 29,10:58:19,C,66.11.164.174
Jan 29,10:58:20,0,192.168.17.24
Jan 29,10:58:20,0,192.168.17.24
Jan 29,10:58:20,0,192.168.17.24
Jan 29,10:58:20,0,192.168.17.24
Jan 29,11:00:03,C,89.165.186.160
Jan 29,11:01:07,0,192.168.17.11
Jan 29,11:01:19,0,192.168.17.24
Jan 29,11:01:19,0,192.168.17.24
Jan 29,11:01:19,0,192.168.17.24
Jan 29,11:01:19,0,192.168.17.24
Jan 29,11:02:57,C,66.94.237.49
Jan 29,11:03:00,C,66.11.164.174
Jan 29,11:03:03,C,66.11.164.174
Jan 29,11:03:31,C,38.100.169.140
Jan 29,11:04:15,0,192.168.17.24
Jan 29,11:04:15,0,192.168.17.24
Jan 29,11:04:15,0,192.168.17.24
Jan 29,11:04:15,0,192.168.17.24
Jan 29,11:04:42,C,200.211.146.141
Jan 29,11:05:57,C,217.127.143.157
Jan 29,11:06:33,C,86.104.182.57
Jan 29,11:06:36,C,201.9.182.50
Jan 29,11:07:16,0,192.168.17.24
Jan 29,11:07:16,0,192.168.17.24
Jan 29,11:07:16,0,192.168.17.24
Jan 29,11:07:16,0,192.168.17.24
Jan 29,11:07:31,C,56.14.15.106
Jan 29,11:07:44,C,128.29.163.66
Jan 29,11:09:04,C,190.49.8.81
Jan 29,11:09:12,C,194.90.6.44
Jan 29,11:09:21,C,194.90.6.44
Jan 29,11:09:39,C,194.90.6.44
Jan 29,11:10:06,C,200.83.228.206
Jan 29,11:10:10,C,65.109.80.141
Jan 29,11:10:15,C,194.90.6.44
Jan 29,11:10:34,0,192.168.17.24
Jan 29,11:10:34,0,192.168.17.24
Jan 29,11:10:34,0,192.168.17.24
Jan 29,11:10:34,0,192.168.17.24
Jan 29,11:11:15,C,194.90.6.44
Jan 29,11:11:39,C,207.45.176.98
Jan 29,11:11:42,C,124.120.245.234
Jan 29,11:12:15,C,194.90.6.44
Jan 29,11:12:37,C,91.122.161.205
Jan 29,11:12:41,C,201.221.161.111
Jan 29,11:13:15,C,194.90.6.44
Jan 29,11:13:23,C,202.97.238.204
Jan 29,11:13:23,C,202.97.238.204
Jan 29,11:13:34,0,192.168.17.24
Jan 29,11:13:34,0,192.168.17.24
Jan 29,11:13:34,0,192.168.17.24
Jan 29,11:13:34,0,192.168.17.24
Jan 29,11:13:41,C,189.41.209.65
Jan 29,11:14:08,C,24.64.194.53
Jan 29,11:14:08,C,24.64.194.53
Jan 29,11:14:08,C,24.64.194.53
Jan 29,11:14:15,C,194.90.6.44
Jan 29,11:15:15,C,194.90.6.44
Jan 29,11:16:15,C,194.90.6.44
Jan 29,11:16:28,0,192.168.17.24
Jan 29,11:16:28,0,192.168.17.24
Jan 29,11:16:28,0,192.168.17.24
Jan 29,11:16:28,0,192.168.17.24
Jan 29,11:16:56,0,72.38.55.146
Jan 29,11:17:19,C,89.49.78.88
Jan 29,11:17:19,C,89.49.78.88
Jan 29,11:17:20,C,89.49.78.88
Jan 29,11:17:21,C,89.49.78.88
Jan 29,11:17:22,C,89.49.78.88
Jan 29,11:18:01,C,71.165.154.76
Jan 29,11:18:14,0,192.168.17.11
Jan 29,11:19:30,0,192.168.17.24
Jan 29,11:19:30,0,192.168.17.24
Jan 29,11:19:30,0,192.168.17.24
Jan 29,11:19:30,0,192.168.17.24
Jan 29,11:19:36,C,66.11.164.174
Jan 29,11:19:42,C,24.64.138.168
Jan 29,11:19:42,C,24.64.138.168
Jan 29,11:19:42,C,24.64.138.168
Jan 29,11:21:09,C,88.245.114.47
Jan 29,11:21:09,C,194.187.205.215
Jan 29,11:21:53,C,100.24.18.221
Jan 29,11:22:48,0,192.168.17.24
Jan 29,11:22:48,0,192.168.17.24
Jan 29,11:22:48,0,192.168.17.24
Jan 29,11:22:48,0,192.168.17.24
Jan 29,11:22:54,C,81.15.250.134
Jan 29,11:24:30,C,87.6.209.207
Jan 29,11:25:48,0,192.168.17.24
Jan 29,11:25:48,0,192.168.17.24
Jan 29,11:25:48,0,192.168.17.24
Jan 29,11:25:48,0,192.168.17.24
Jan 29,11:26:27,C,190.1.212.107
Jan 29,11:26:45,C,189.31.152.178
Jan 29,11:27:30,C,90.154.216.253
Jan 29,11:27:43,C,66.221.238.191
Jan 29,11:28:36,C,208.205.46.7
Jan 29,11:28:39,0,216.58.112.55
Jan 29,11:28:42,0,192.168.17.24
Jan 29,11:28:42,0,192.168.17.24
Jan 29,11:28:42,0,192.168.17.24
Jan 29,11:28:42,0,192.168.17.24
Jan 29,11:29:01,C,190.79.148.78
Jan 29,11:29:03,0,216.58.112.55
Jan 29,11:29:03,C,85.102.58.70
Jan 29,11:30:07,0,216.58.112.55
Jan 29,11:30:48,C,24.64.57.144
Jan 29,11:30:48,C,24.64.57.144
Jan 29,11:30:48,C,24.64.57.144
Jan 29,11:31:10,C,82.213.165.82
Jan 29,11:31:26,C,83.9.227.205
Jan 29,11:31:36,0,192.168.17.11
Jan 29,11:31:37,0,192.168.17.11
Jan 29,11:31:39,0,192.168.17.11
Jan 29,11:31:44,0,192.168.17.24
Jan 29,11:31:44,0,192.168.17.24
Jan 29,11:31:44,0,192.168.17.24
Jan 29,11:31:44,0,192.168.17.24
Jan 29,11:33:46,C,83.186.189.108
Jan 29,11:33:54,C,185.18.108.111
Jan 29,11:34:32,C,87.24.131.142
Jan 29,11:35:02,0,192.168.17.24
Jan 29,11:35:02,0,192.168.17.24
Jan 29,11:35:02,0,192.168.17.24
Jan 29,11:35:02,0,192.168.17.24
Jan 29,11:35:20,0,192.168.17.11
Jan 29,11:35:21,C,82.204.148.81
Jan 29,11:35:24,C,14.102.96.177
Jan 29,11:36:52,C,90.248.113.55
Jan 29,11:37:56,C,206.108.5.1
Jan 29,11:38:02,0,192.168.17.24
Jan 29,11:38:02,0,192.168.17.24
Jan 29,11:38:02,0,192.168.17.24
Jan 29,11:38:02,0,192.168.17.24
Jan 29,11:40:58,0,192.168.17.24
Jan 29,11:40:58,0,192.168.17.24
Jan 29,11:40:58,0,192.168.17.24
Jan 29,11:40:58,0,192.168.17.24
Jan 29,11:43:50,C,91.90.200.34
Jan 29,11:43:58,0,192.168.17.24
Jan 29,11:43:58,0,192.168.17.24
Jan 29,11:43:58,0,192.168.17.24
Jan 29,11:43:58,0,192.168.17.24
Jan 29,11:44:22,C,88.252.225.76
Jan 29,11:44:59,C,79.186.237.6
Jan 29,11:45:07,C,69.61.32.44
Jan 29,11:45:19,C,89.132.115.151
Jan 29,11:47:16,0,192.168.17.24
Jan 29,11:47:16,0,192.168.17.24
Jan 29,11:47:16,0,192.168.17.24
Jan 29,11:47:16,0,192.168.17.24
Jan 29,11:47:36,C,194.3.54.170
Jan 29,11:47:40,C,89.109.197.165
Jan 29,11:48:57,C,71.125.192.112
Jan 29,11:50:14,0,192.168.17.24
Jan 29,11:50:14,0,192.168.17.24
Jan 29,11:50:14,0,192.168.17.24
Jan 29,11:50:14,0,192.168.17.24
Jan 29,11:51:44,C,147.227.192.74
Jan 29,11:52:25,0,192.168.17.11
Jan 29,11:52:41,C,82.16.35.212
Jan 29,11:52:49,C,24.64.182.127
Jan 29,11:52:49,C,24.64.182.127
Jan 29,11:52:49,C,24.64.182.127
Jan 29,11:53:02,C,71.187.148.64
Jan 29,11:53:10,C,85.141.189.174
Jan 29,11:53:12,0,192.168.17.24
Jan 29,11:53:12,0,192.168.17.24
Jan 29,11:53:12,0,192.168.17.24
Jan 29,11:53:12,0,192.168.17.24
Jan 29,11:54:07,C,41.251.69.208
Jan 29,11:56:12,C,206.108.5.1
Jan 29,11:56:12,0,192.168.17.24
Jan 29,11:56:12,0,192.168.17.24
Jan 29,11:56:12,0,192.168.17.24
Jan 29,11:56:12,0,192.168.17.24
Jan 29,11:56:18,C,200.67.106.244
Jan 29,11:58:24,C,83.6.235.155
Jan 29,11:59:30,0,192.168.17.24
Jan 29,11:59:30,0,192.168.17.24
Jan 29,11:59:30,0,192.168.17.24
Jan 29,11:59:30,0,192.168.17.24
Jan 29,12:02:18,C,66.11.164.174
Jan 29,12:02:30,0,192.168.17.24
Jan 29,12:02:30,0,192.168.17.24
Jan 29,12:02:30,0,192.168.17.24
Jan 29,12:02:30,0,192.168.17.24
Jan 29,12:02:50,C,201.240.194.87
Jan 29,12:03:07,C,200.114.44.99
Jan 29,12:03:07,C,200.114.44.99
Jan 29,12:05:26,0,192.168.17.24
Jan 29,12:05:26,0,192.168.17.24
Jan 29,12:05:26,0,192.168.17.24
Jan 29,12:05:26,0,192.168.17.24
Jan 29,12:06:16,C,184.163.93.130
Jan 29,12:08:02,C,78.149.74.29
Jan 29,12:08:26,0,192.168.17.24
Jan 29,12:08:26,0,192.168.17.24
Jan 29,12:08:26,0,192.168.17.24
Jan 29,12:08:26,0,192.168.17.24
Jan 29,12:09:32,0,192.168.17.11
Jan 29,12:09:32,C,81.213.160.51
Jan 29,12:09:49,C,209.200.245.189
Jan 29,12:11:44,0,192.168.17.24
Jan 29,12:11:44,0,192.168.17.24
Jan 29,12:11:44,0,192.168.17.24
Jan 29,12:11:44,0,192.168.17.24
Jan 29,12:12:14,C,201.58.129.234
Jan 29,12:14:43,0,192.168.17.24
Jan 29,12:14:43,0,192.168.17.24
Jan 29,12:14:43,0,192.168.17.24
Jan 29,12:14:43,0,192.168.17.24
Jan 29,12:14:47,C,217.194.196.3
Jan 29,12:16:28,C,87.203.158.207
Jan 29,12:16:32,C,73.230.55.114
Jan 29,12:17:02,C,66.11.164.174
Jan 29,12:17:35,C,79.12.103.171
Jan 29,12:17:40,0,192.168.17.24
Jan 29,12:17:40,0,192.168.17.24
Jan 29,12:17:40,0,192.168.17.24
Jan 29,12:17:40,0,192.168.17.24
Jan 29,12:17:45,C,201.228.201.247
Jan 29,12:18:21,C,79.185.83.220
Jan 29,12:18:22,C,79.185.83.220
Jan 29,12:18:23,C,79.185.83.220
Jan 29,12:18:24,C,79.185.83.220
Jan 29,12:18:25,C,79.185.83.220
Jan 29,12:20:40,0,192.168.17.24
Jan 29,12:20:40,0,192.168.17.24
Jan 29,12:20:40,0,192.168.17.24
Jan 29,12:20:40,0,192.168.17.24
Jan 29,12:22:14,0,192.168.17.8
Jan 29,12:22:15,0,192.168.17.8
Jan 29,12:22:16,0,192.168.17.8
Jan 29,12:22:18,0,192.168.17.8
Jan 29,12:22:22,0,192.168.17.8
Jan 29,12:22:41,C,142.237.31.2
Jan 29,12:23:38,C,213.184.7.177
Jan 29,12:23:56,C,24.64.51.229
Jan 29,12:23:56,C,24.64.51.229
Jan 29,12:23:56,C,24.64.51.229
Jan 29,12:23:57,0,192.168.17.24
Jan 29,12:23:57,0,192.168.17.24
Jan 29,12:23:57,0,192.168.17.24
Jan 29,12:23:57,0,192.168.17.24
Jan 29,12:24:08,C,88.235.111.202
Jan 29,12:24:18,C,79.101.145.41
Jan 29,12:25:44,C,24.64.221.105
Jan 29,12:25:44,C,24.64.221.105
Jan 29,12:25:44,C,24.64.221.105
Jan 29,12:26:36,0,192.168.17.11
Jan 29,12:26:57,0,192.168.17.24
Jan 29,12:26:57,0,192.168.17.24
Jan 29,12:26:57,0,192.168.17.24
Jan 29,12:26:57,0,192.168.17.24
Jan 29,12:28:17,C,200.114.26.59
Jan 29,12:29:02,C,201.83.240.174
Jan 29,12:29:02,C,189.10.217.170
Jan 29,12:29:52,0,192.168.17.24
Jan 29,12:29:52,0,192.168.17.24
Jan 29,12:29:52,0,192.168.17.24
Jan 29,12:29:52,0,192.168.17.24
Jan 29,12:30:03,C,218.64.237.219
Jan 29,12:30:21,C,24.64.190.155
Jan 29,12:30:21,C,24.64.190.155
Jan 29,12:30:21,C,24.64.190.155
Jan 29,12:30:40,C,151.74.159.125
Jan 29,12:30:56,C,24.64.97.192
Jan 29,12:30:56,C,24.64.97.192
Jan 29,12:30:56,C,24.64.97.192
Jan 29,12:31:36,C,201.240.55.56
Jan 29,12:32:23,C,81.208.83.217
Jan 29,12:32:23,C,81.208.83.217
Jan 29,12:32:23,C,81.208.83.217
Jan 29,12:32:23,C,81.208.83.217
Jan 29,12:32:53,0,192.168.17.24
Jan 29,12:32:53,0,192.168.17.24
Jan 29,12:32:53,0,192.168.17.24
Jan 29,12:32:53,0,192.168.17.24
Jan 29,12:36:02,0,192.168.17.24
Jan 29,12:36:02,0,192.168.17.24
Jan 29,12:36:02,0,192.168.17.24
Jan 29,12:36:02,0,192.168.17.24
Jan 29,12:36:21,C,59.177.100.24
Jan 29,12:39:05,0,192.168.17.24
Jan 29,12:39:05,0,192.168.17.24
Jan 29,12:39:05,0,192.168.17.24
Jan 29,12:39:05,0,192.168.17.24
Jan 29,12:40:08,C,209.200.255.50
Jan 29,12:42:01,0,192.168.17.24
Jan 29,12:42:01,0,192.168.17.24
Jan 29,12:42:01,0,192.168.17.24
Jan 29,12:42:01,0,192.168.17.24
Jan 29,12:42:13,C,201.233.146.241
Jan 29,12:43:43,0,192.168.17.11
Jan 29,12:44:16,0,72.38.55.146
Jan 29,12:45:01,0,192.168.17.24
Jan 29,12:45:01,0,192.168.17.24
Jan 29,12:45:01,0,192.168.17.24
Jan 29,12:45:01,0,192.168.17.24
Jan 29,12:45:10,C,81.101.158.8
Jan 29,12:46:00,C,142.217.215.62
Jan 29,12:47:00,C,24.64.214.175
Jan 29,12:47:00,C,24.64.214.175
Jan 29,12:47:00,C,24.64.214.175
Jan 29,12:47:15,C,201.211.103.168
Jan 29,12:47:16,C,81.248.11.209
Jan 29,12:47:18,C,201.211.103.168
Jan 29,12:47:24,C,201.211.103.168
Jan 29,12:48:01,0,192.168.17.24
Jan 29,12:48:01,0,192.168.17.24
Jan 29,12:48:01,0,192.168.17.24
Jan 29,12:48:01,0,192.168.17.24
Jan 29,12:48:13,C,65.54.246.108
Jan 29,12:49:30,C,198.41.70.2
Jan 29,12:51:01,C,212.114.49.92
Jan 29,12:51:20,0,192.168.17.24
Jan 29,12:51:20,0,192.168.17.24
Jan 29,12:51:20,0,192.168.17.24
Jan 29,12:51:20,0,192.168.17.24
Jan 29,12:51:39,C,220.195.35.40
Jan 29,12:54:20,0,192.168.17.24
Jan 29,12:54:20,0,192.168.17.24
Jan 29,12:54:20,0,192.168.17.24
Jan 29,12:54:20,0,192.168.17.24
Jan 29,12:55:49,C,24.64.171.156
Jan 29,12:55:49,C,24.64.171.156
Jan 29,12:55:49,C,24.64.171.156
Jan 29,12:56:18,C,89.136.24.41
Jan 29,12:56:18,C,89.136.24.41
Jan 29,12:56:20,C,89.136.24.41
Jan 29,12:57:15,0,192.168.17.24
Jan 29,12:57:15,0,192.168.17.24
Jan 29,12:57:15,0,192.168.17.24
Jan 29,12:57:15,0,192.168.17.24
Jan 29,12:59:05,C,83.46.21.161
Jan 29,13:00:15,0,192.168.17.24
Jan 29,13:00:15,0,192.168.17.24
Jan 29,13:00:15,0,192.168.17.24
Jan 29,13:00:15,0,192.168.17.24
Jan 29,13:00:48,0,192.168.17.11
Jan 29,13:02:39,C,89.136.24.41
Jan 29,13:02:42,C,89.136.24.41
Jan 29,13:02:42,C,89.136.24.41
Jan 29,13:02:57,C,66.11.164.174
Jan 29,13:03:22,C,24.64.3.245
Jan 29,13:03:22,C,24.64.3.245
Jan 29,13:03:22,C,24.64.3.245
Jan 29,13:03:34,0,192.168.17.24
Jan 29,13:03:34,0,192.168.17.24
Jan 29,13:03:34,0,192.168.17.24
Jan 29,13:03:34,0,192.168.17.24
Jan 29,13:05:00,C,220.195.35.40
Jan 29,13:05:06,C,220.195.35.40
Jan 29,13:05:11,C,220.195.35.40
Jan 29,13:05:15,C,220.195.35.40
Jan 29,13:05:19,C,220.195.35.40
Jan 29,13:05:23,C,220.195.35.40
Jan 29,13:05:40,C,220.195.35.40
Jan 29,13:06:01,C,220.195.35.40
Jan 29,13:06:20,C,220.195.35.40
Jan 29,13:06:34,0,192.168.17.24
Jan 29,13:06:34,0,192.168.17.24
Jan 29,13:06:34,0,192.168.17.24
Jan 29,13:06:34,0,192.168.17.24
Jan 29,13:06:45,C,220.195.35.40
Jan 29,13:07:02,C,44.85.108.182
Jan 29,13:07:02,C,220.195.35.40
Jan 29,13:07:22,C,220.195.35.40
Jan 29,13:07:42,C,183.70.138.250
Jan 29,13:07:43,C,220.195.35.40
Jan 29,13:08:04,C,220.195.35.40
Jan 29,13:08:23,C,220.195.35.40
Jan 29,13:08:30,C,78.170.159.229
Jan 29,13:08:43,C,220.195.35.40
Jan 29,13:09:02,C,220.195.35.40
Jan 29,13:09:23,C,220.195.35.40
Jan 29,13:09:29,0,192.168.17.24
Jan 29,13:09:29,0,192.168.17.24
Jan 29,13:09:29,0,192.168.17.24
Jan 29,13:09:29,0,192.168.17.24
Jan 29,13:09:43,C,220.195.35.40
Jan 29,13:10:03,C,220.195.35.40
Jan 29,13:10:23,C,220.195.35.40
Jan 29,13:10:40,C,220.195.35.40
Jan 29,13:10:49,C,24.64.227.37
Jan 29,13:10:49,C,24.64.227.37
Jan 29,13:10:49,C,24.64.227.37
Jan 29,13:11:02,C,220.195.35.40
Jan 29,13:11:22,C,220.195.35.40
Jan 29,13:11:42,C,220.195.35.40
Jan 29,13:12:01,C,220.195.35.40
Jan 29,13:12:22,C,220.195.35.40
Jan 29,13:12:30,0,192.168.17.24
Jan 29,13:12:30,0,192.168.17.24
Jan 29,13:12:30,0,192.168.17.24
Jan 29,13:12:30,0,192.168.17.24
Jan 29,13:12:42,C,220.195.35.40
Jan 29,13:13:02,C,220.195.35.40
Jan 29,13:13:22,C,220.195.35.40
Jan 29,13:13:42,C,220.195.35.40
Jan 29,13:14:03,C,220.195.35.40
Jan 29,13:14:23,C,220.195.35.40
Jan 29,13:14:42,C,220.195.35.40
Jan 29,13:15:03,C,220.195.35.40
Jan 29,13:15:23,C,220.195.35.40
Jan 29,13:15:42,C,220.195.35.40
Jan 29,13:15:48,0,192.168.17.24
Jan 29,13:15:48,0,192.168.17.24
Jan 29,13:15:48,0,192.168.17.24
Jan 29,13:15:48,0,192.168.17.24
Jan 29,13:16:01,C,220.195.35.40
Jan 29,13:16:21,C,220.195.35.40
Jan 29,13:16:41,C,220.195.35.40
Jan 29,13:17:00,C,220.195.35.40
Jan 29,13:17:23,C,96.240.44.58
Jan 29,13:17:23,C,220.195.35.40
Jan 29,13:17:43,C,220.195.35.40
Jan 29,13:17:55,0,192.168.17.11
Jan 29,13:18:00,C,220.195.35.40
Jan 29,13:18:21,C,220.195.35.40
Jan 29,13:18:40,C,220.195.35.40
Jan 29,13:18:48,0,192.168.17.24
Jan 29,13:18:48,0,192.168.17.24
Jan 29,13:18:48,0,192.168.17.24
Jan 29,13:18:48,0,192.168.17.24
Jan 29,13:19:01,C,220.195.35.40
Jan 29,13:19:22,C,220.195.35.40
Jan 29,13:19:41,C,220.195.35.40
Jan 29,13:20:01,C,220.195.35.40
Jan 29,13:20:21,C,220.195.35.40
Jan 29,13:20:42,C,220.195.35.40
Jan 29,13:21:01,C,220.195.35.40
Jan 29,13:21:21,C,220.195.35.40
Jan 29,13:21:41,C,220.195.35.40
Jan 29,13:21:43,0,192.168.17.24
Jan 29,13:21:43,0,192.168.17.24
Jan 29,13:21:43,0,192.168.17.24
Jan 29,13:21:43,0,192.168.17.24
Jan 29,13:22:01,C,220.195.35.40
Jan 29,13:22:21,C,220.195.35.40
Jan 29,13:22:28,C,202.97.238.195
Jan 29,13:22:41,C,217.88.190.115
Jan 29,13:22:41,C,220.195.35.40
Jan 29,13:23:02,C,220.195.35.40
Jan 29,13:23:22,C,220.195.35.40
Jan 29,13:23:43,C,220.195.35.40
Jan 29,13:24:03,C,220.195.35.40
Jan 29,13:24:20,C,220.195.35.40
Jan 29,13:24:27,C,202.97.238.195
Jan 29,13:24:40,C,220.195.35.40
Jan 29,13:24:44,0,192.168.17.24
Jan 29,13:24:44,0,192.168.17.24
Jan 29,13:24:44,0,192.168.17.24
Jan 29,13:24:44,0,192.168.17.24
Jan 29,13:25:01,C,220.195.35.40
Jan 29,13:25:10,C,70.47.93.141
Jan 29,13:25:21,C,220.195.35.40
Jan 29,13:25:40,C,220.195.35.40
Jan 29,13:26:00,C,220.195.35.40
Jan 29,13:26:23,C,220.195.35.40
Jan 29,13:26:43,C,220.195.35.40
Jan 29,13:28:02,0,192.168.17.24
Jan 29,13:28:02,0,192.168.17.24
Jan 29,13:28:02,0,192.168.17.24
Jan 29,13:28:02,0,192.168.17.24
Jan 29,13:28:22,C,24.64.197.34
Jan 29,13:28:22,C,24.64.197.34
Jan 29,13:28:22,C,24.64.197.34
Jan 29,13:30:31,C,83.153.123.1
Jan 29,13:30:57,C,88.18.225.72
Jan 29,13:31:02,0,192.168.17.24
Jan 29,13:31:02,0,192.168.17.24
Jan 29,13:31:02,0,192.168.17.24
Jan 29,13:31:02,0,192.168.17.24
Jan 29,13:31:24,C,216.215.20.139
Jan 29,13:32:35,C,83.132.66.239
Jan 29,13:33:08,C,202.97.238.194
Jan 29,13:33:41,C,66.11.164.174
Jan 29,13:33:57,0,192.168.17.24
Jan 29,13:33:57,0,192.168.17.24
Jan 29,13:33:57,0,192.168.17.24
Jan 29,13:33:57,0,192.168.17.24
Jan 29,13:34:37,C,91.44.239.140
Jan 29,13:34:50,C,199.125.184.60
Jan 29,13:35:00,0,192.168.17.11
Jan 29,13:36:02,C,194.170.173.115
Jan 29,13:36:58,0,192.168.17.24
Jan 29,13:36:58,0,192.168.17.24
Jan 29,13:36:58,0,192.168.17.24
Jan 29,13:36:58,0,192.168.17.24
Jan 29,13:39:28,C,222.236.206.129
Jan 29,13:39:50,C,24.64.87.90
Jan 29,13:39:50,C,24.64.87.90
Jan 29,13:39:50,C,24.64.87.90
Jan 29,13:39:52,C,201.16.26.49
Jan 29,13:39:52,C,17.69.200.200
Jan 29,13:40:10,0,192.168.17.24
Jan 29,13:40:10,0,192.168.17.24
Jan 29,13:40:10,0,192.168.17.24
Jan 29,13:40:10,0,192.168.17.24
Jan 29,13:40:25,C,84.1.209.247
Jan 29,13:40:58,C,142.190.110.84
Jan 29,13:41:04,C,95.13.70.16
Jan 29,13:41:11,C,202.97.238.203
Jan 29,13:41:14,C,78.176.121.157
Jan 29,13:43:16,0,192.168.17.24
Jan 29,13:43:16,0,192.168.17.24
Jan 29,13:43:16,0,192.168.17.24
Jan 29,13:43:16,0,192.168.17.24
Jan 29,13:45:00,C,125.244.236.194
Jan 29,13:45:54,C,61.143.147.228
Jan 29,13:46:11,0,192.168.17.24
Jan 29,13:46:11,0,192.168.17.24
Jan 29,13:46:11,0,192.168.17.24
Jan 29,13:46:11,0,192.168.17.24
Jan 29,13:47:12,C,191.148.180.234
Jan 29,13:47:23,C,24.64.27.239
Jan 29,13:47:23,C,24.64.27.239
Jan 29,13:47:23,C,24.64.27.239
Jan 29,13:47:31,C,189.33.131.126
Jan 29,13:48:13,C,152.3.166.238
Jan 29,13:48:34,C,201.240.65.139
Jan 29,13:48:38,C,201.240.65.139
Jan 29,13:48:39,C,201.240.65.139
Jan 29,13:48:39,C,201.240.65.139
Jan 29,13:48:39,C,201.240.65.139
Jan 29,13:49:06,C,140.252.214.104
Jan 29,13:49:12,0,192.168.17.24
Jan 29,13:49:12,0,192.168.17.24
Jan 29,13:49:12,0,192.168.17.24
Jan 29,13:49:12,0,192.168.17.24
Jan 29,13:49:56,C,152.213.44.14
Jan 29,13:50:22,C,206.108.5.1
Jan 29,13:52:08,0,192.168.17.11
Jan 29,13:52:30,0,192.168.17.24
Jan 29,13:52:30,0,192.168.17.24
Jan 29,13:52:30,0,192.168.17.24
Jan 29,13:52:30,0,192.168.17.24
Jan 29,13:55:16,C,66.11.164.174
Jan 29,13:55:29,0,192.168.17.24
Jan 29,13:55:29,0,192.168.17.24
Jan 29,13:55:29,0,192.168.17.24
Jan 29,13:55:29,0,192.168.17.24
Jan 29,13:57:17,C,129.41.77.72
Jan 29,13:57:22,C,190.40.253.236
Jan 29,13:58:30,0,192.168.17.24
Jan 29,13:58:30,0,192.168.17.24
Jan 29,13:58:30,0,192.168.17.24
Jan 29,13:58:30,0,192.168.17.24
Jan 29,13:59:12,C,24.64.53.134
Jan 29,13:59:12,C,24.64.53.134
Jan 29,13:59:12,C,24.64.53.134
Jan 29,13:59:44,C,96.237.120.85
Jan 29,14:01:36,C,71.170.107.10
Jan 29,14:01:39,0,192.168.17.24
Jan 29,14:01:39,0,192.168.17.24
Jan 29,14:01:39,0,192.168.17.24
Jan 29,14:01:39,0,192.168.17.24
Jan 29,14:03:06,C,76.2.106.62
Jan 29,14:04:44,0,192.168.17.24
Jan 29,14:04:44,0,192.168.17.24
Jan 29,14:04:44,0,192.168.17.24
Jan 29,14:04:44,0,192.168.17.24
Jan 29,14:06:55,C,85.13.47.83
Jan 29,14:07:43,0,192.168.17.24
Jan 29,14:07:43,0,192.168.17.24
Jan 29,14:07:43,0,192.168.17.24
Jan 29,14:07:43,0,192.168.17.24
Jan 29,14:09:16,0,192.168.17.11
Jan 29,14:10:38,0,192.168.17.24
Jan 29,14:10:38,0,192.168.17.24
Jan 29,14:10:38,0,192.168.17.24
Jan 29,14:10:38,0,192.168.17.24
Jan 29,14:11:12,C,193.227.243.149
Jan 29,14:13:39,0,192.168.17.24
Jan 29,14:13:39,0,192.168.17.24
Jan 29,14:13:39,0,192.168.17.24
Jan 29,14:13:39,0,192.168.17.24
Jan 29,14:14:01,C,201.255.162.140
Jan 29,14:16:33,C,87.18.17.1
Jan 29,14:16:48,0,192.168.17.24
Jan 29,14:16:48,0,192.168.17.24
Jan 29,14:16:48,0,192.168.17.24
Jan 29,14:16:48,0,192.168.17.24
Jan 29,14:16:50,C,91.122.181.41
Jan 29,14:16:50,C,91.122.181.41
Jan 29,14:16:50,C,91.122.181.41
Jan 29,14:16:50,C,91.122.181.41
Jan 29,14:17:03,C,86.164.44.60
Jan 29,14:17:04,C,209.59.162.147
Jan 29,14:17:13,C,82.229.96.42
Jan 29,14:17:16,C,82.229.96.42
Jan 29,14:18:09,C,200.67.233.86
Jan 29,14:18:14,0,216.58.112.55
Jan 29,14:18:45,C,71.199.156.108
Jan 29,14:18:59,C,24.64.82.137
Jan 29,14:18:59,C,24.64.82.137
Jan 29,14:18:59,C,24.64.82.137
Jan 29,14:19:52,0,192.168.17.24
Jan 29,14:19:52,0,192.168.17.24
Jan 29,14:19:52,0,192.168.17.24
Jan 29,14:19:52,0,192.168.17.24
Jan 29,14:19:53,0,216.58.112.55
Jan 29,14:22:01,C,216.215.20.139
Jan 29,14:22:44,C,190.40.195.55
Jan 29,14:22:52,0,192.168.17.24
Jan 29,14:22:52,0,192.168.17.24
Jan 29,14:22:52,0,192.168.17.24
Jan 29,14:22:52,0,192.168.17.24
Jan 29,14:24:37,C,200.121.135.138
Jan 29,14:25:47,0,192.168.17.24
Jan 29,14:25:47,0,192.168.17.24
Jan 29,14:25:47,0,192.168.17.24
Jan 29,14:25:47,0,192.168.17.24
Jan 29,14:25:58,C,81.103.99.208
Jan 29,14:26:22,0,192.168.17.11
Jan 29,14:26:23,C,181.98.186.228
Jan 29,14:27:41,C,88.18.60.167
Jan 29,14:28:08,C,198.237.173.99
Jan 29,14:28:47,0,192.168.17.24
Jan 29,14:28:47,0,192.168.17.24
Jan 29,14:28:47,0,192.168.17.24
Jan 29,14:28:47,0,192.168.17.24
Jan 29,14:29:03,C,206.191.34.134
Jan 29,14:31:50,C,24.64.154.177
Jan 29,14:31:50,C,24.64.154.177
Jan 29,14:31:50,C,24.64.154.177
Jan 29,14:32:06,0,192.168.17.24
Jan 29,14:32:06,0,192.168.17.24
Jan 29,14:32:06,0,192.168.17.24
Jan 29,14:32:06,0,192.168.17.24
Jan 29,14:32:20,0,192.168.17.24
Jan 29,14:33:07,0,192.168.17.24
Jan 29,14:33:10,0,192.168.17.24
Jan 29,14:33:16,0,192.168.17.24
Jan 29,14:33:17,C,88.11.12.0
Jan 29,14:33:28,0,192.168.17.24
Jan 29,14:33:52,0,192.168.17.24
Jan 29,14:35:06,0,192.168.17.24
Jan 29,14:35:06,0,192.168.17.24
Jan 29,14:35:06,0,192.168.17.24
Jan 29,14:35:06,0,192.168.17.24
Jan 29,14:36:51,C,66.11.164.174
Jan 29,14:37:42,C,87.240.6.187
Jan 29,14:38:01,0,192.168.17.24
Jan 29,14:38:01,0,192.168.17.24
Jan 29,14:38:01,0,192.168.17.24
Jan 29,14:38:01,0,192.168.17.24
Jan 29,14:40:06,C,190.49.127.73
Jan 29,14:41:02,0,192.168.17.24
Jan 29,14:41:02,0,192.168.17.24
Jan 29,14:41:02,0,192.168.17.24
Jan 29,14:41:02,0,192.168.17.24
Jan 29,14:41:28,C,78.140.214.129
Jan 29,14:41:56,C,84.94.113.174
Jan 29,14:42:02,C,84.94.113.174
Jan 29,14:42:53,C,195.56.159.1
Jan 29,14:43:27,0,192.168.17.11
Jan 29,14:43:53,C,203.210.200.93
Jan 29,14:44:20,0,192.168.17.24
Jan 29,14:44:20,0,192.168.17.24
Jan 29,14:44:20,0,192.168.17.24
Jan 29,14:44:20,0,192.168.17.24
Jan 29,14:44:40,C,66.11.164.174
Jan 29,14:46:07,C,88.245.69.228
Jan 29,14:47:20,0,192.168.17.24
Jan 29,14:47:20,0,192.168.17.24
Jan 29,14:47:20,0,192.168.17.24
Jan 29,14:47:20,0,192.168.17.24
Jan 29,14:47:28,C,190.24.46.236
Jan 29,14:50:15,0,192.168.17.24
Jan 29,14:50:15,0,192.168.17.24
Jan 29,14:50:15,0,192.168.17.24
Jan 29,14:50:15,0,192.168.17.24
Jan 29,14:52:13,C,24.64.247.139
Jan 29,14:52:13,C,24.64.247.139
Jan 29,14:52:13,C,24.64.247.139
Jan 29,14:53:16,0,192.168.17.24
Jan 29,14:53:16,0,192.168.17.24
Jan 29,14:53:16,0,192.168.17.24
Jan 29,14:53:16,0,192.168.17.24
Jan 29,14:55:36,C,218.10.137.140
Jan 29,14:55:36,C,218.10.137.140
Jan 29,14:55:36,C,218.10.137.140
Jan 29,14:55:36,C,218.10.137.140
Jan 29,14:55:49,C,66.11.164.174
Jan 29,14:56:20,C,24.64.186.200
Jan 29,14:56:20,C,24.64.186.200
Jan 29,14:56:20,C,24.64.186.200
Jan 29,14:56:34,0,192.168.17.24
Jan 29,14:56:34,0,192.168.17.24
Jan 29,14:56:34,0,192.168.17.24
Jan 29,14:56:34,0,192.168.17.24
Jan 29,14:56:48,C,24.64.40.79
Jan 29,14:57:19,0,72.38.55.146
Jan 29,14:58:50,C,200.89.242.221
Jan 29,14:59:34,0,192.168.17.24
Jan 29,14:59:34,0,192.168.17.24
Jan 29,14:59:34,0,192.168.17.24
Jan 29,14:59:34,0,192.168.17.24
Jan 29,15:00:31,0,192.168.17.11
Jan 29,15:00:40,C,201.110.75.7
Jan 29,15:01:52,C,66.163.168.190
Jan 29,15:02:11,C,86.141.18.31
Jan 29,15:02:24,C,24.64.126.103
Jan 29,15:02:24,C,24.64.126.103
Jan 29,15:02:24,C,24.64.126.103
Jan 29,15:02:29,0,192.168.17.24
Jan 29,15:02:29,0,192.168.17.24
Jan 29,15:02:29,0,192.168.17.24
Jan 29,15:02:29,0,192.168.17.24
Jan 29,15:03:05,C,64.124.204.39
Jan 29,15:03:08,C,83.27.228.6
Jan 29,15:03:11,C,83.27.228.6
Jan 29,15:05:14,C,211.213.60.6
Jan 29,15:05:17,C,211.213.60.6
Jan 29,15:05:30,0,192.168.17.24
Jan 29,15:05:30,0,192.168.17.24
Jan 29,15:05:30,0,192.168.17.24
Jan 29,15:05:30,0,192.168.17.24
Jan 29,15:08:42,C,48.234.96.8
Jan 29,15:08:48,0,192.168.17.24
Jan 29,15:08:48,0,192.168.17.24
Jan 29,15:08:48,0,192.168.17.24
Jan 29,15:08:48,0,192.168.17.24
Jan 29,15:09:09,C,24.64.55.161
Jan 29,15:09:09,C,24.64.55.161
Jan 29,15:09:09,C,24.64.55.161
Jan 29,15:10:07,C,210.235.119.135
Jan 29,15:11:45,0,192.168.17.24
Jan 29,15:11:45,0,192.168.17.24
Jan 29,15:11:45,0,192.168.17.24
Jan 29,15:11:45,0,192.168.17.24
Jan 29,15:11:57,C,86.127.73.61
Jan 29,15:13:00,C,24.64.193.24
Jan 29,15:13:00,C,24.64.193.24
Jan 29,15:13:00,C,24.64.193.24
Jan 29,15:13:27,C,22.147.86.13
Jan 29,15:14:43,0,192.168.17.24
Jan 29,15:14:43,0,192.168.17.24
Jan 29,15:14:43,0,192.168.17.24
Jan 29,15:14:43,0,192.168.17.24
Jan 29,15:14:52,C,86.107.89.250
Jan 29,15:16:51,C,200.118.113.246
Jan 29,15:17:39,0,192.168.17.11
Jan 29,15:17:44,0,192.168.17.24
Jan 29,15:17:44,0,192.168.17.24
Jan 29,15:17:44,0,192.168.17.24
Jan 29,15:17:44,0,192.168.17.24
Jan 29,15:18:44,C,70.85.185.66
Jan 29,15:18:50,C,18.7.25.118
Jan 29,15:19:52,C,201.110.201.161
Jan 29,15:19:54,C,194.117.241.30
Jan 29,15:20:33,C,201.240.66.113
Jan 29,15:21:02,0,192.168.17.24
Jan 29,15:21:02,0,192.168.17.24
Jan 29,15:21:02,0,192.168.17.24
Jan 29,15:21:02,0,192.168.17.24
Jan 29,15:21:05,C,204.15.20.132
Jan 29,15:21:11,C,64.213.55.225
Jan 29,15:21:14,C,64.213.55.225
Jan 29,15:21:41,C,198.43.162.18
Jan 29,15:22:20,C,118.125.3.109
Jan 29,15:23:42,C,62.121.69.77
Jan 29,15:23:46,C,178.248.112.92
Jan 29,15:23:50,C,82.116.114.146
Jan 29,15:24:02,0,192.168.17.24
Jan 29,15:24:02,0,192.168.17.24
Jan 29,15:24:02,0,192.168.17.24
Jan 29,15:24:02,0,192.168.17.24
Jan 29,15:25:15,C,190.188.224.47
Jan 29,15:26:55,0,192.168.17.24
Jan 29,15:26:55,0,192.168.17.24
Jan 29,15:26:55,0,192.168.17.24
Jan 29,15:26:55,0,192.168.17.24
Jan 29,15:27:10,C,80.58.231.110
Jan 29,15:29:56,0,192.168.17.24
Jan 29,15:29:56,0,192.168.17.24
Jan 29,15:29:56,0,192.168.17.24
Jan 29,15:29:56,0,192.168.17.24
Jan 29,15:31:02,C,80.143.37.180
Jan 29,15:31:04,C,80.143.37.180
Jan 29,15:31:28,C,200.122.253.135
Jan 29,15:31:52,C,82.13.92.15
Jan 29,15:32:56,0,192.168.17.24
Jan 29,15:32:56,0,192.168.17.24
Jan 29,15:32:56,0,192.168.17.24
Jan 29,15:32:56,0,192.168.17.24
Jan 29,15:33:24,C,206.108.5.1
Jan 29,15:34:39,C,201.254.187.87
Jan 29,15:34:44,0,192.168.17.11
Jan 29,15:35:20,C,189.12.221.96
Jan 29,15:36:10,0,192.168.17.24
Jan 29,15:36:10,0,192.168.17.24
Jan 29,15:36:10,0,192.168.17.24
Jan 29,15:36:10,0,192.168.17.24
Jan 29,15:38:26,C,190.128.53.246
Jan 29,15:38:34,C,201.233.50.149
Jan 29,15:38:41,C,83.15.28.106
Jan 29,15:39:10,0,192.168.17.24
Jan 29,15:39:10,0,192.168.17.24
Jan 29,15:39:10,0,192.168.17.24
Jan 29,15:39:10,0,192.168.17.24
Jan 29,15:39:20,C,85.102.90.29
Jan 29,15:39:24,0,72.38.55.146
Jan 29,15:41:57,C,170.224.180.54
Jan 29,15:42:05,0,192.168.17.24
Jan 29,15:42:05,0,192.168.17.24
Jan 29,15:42:05,0,192.168.17.24
Jan 29,15:42:05,0,192.168.17.24
Jan 29,15:42:26,C,190.136.0.224
Jan 29,15:42:54,0,24.235.159.168
Jan 29,15:44:57,C,200.97.116.6
Jan 29,15:45:05,0,192.168.17.24
Jan 29,15:45:05,0,192.168.17.24
Jan 29,15:45:05,0,192.168.17.24
Jan 29,15:45:05,0,192.168.17.24
